,school,sex,age,address,famsize,Pstatus,Medu,Fedu,reason,guardian,traveltime,studytime,failures,schoolsup,famsup,paid,activities,nursery,higher,internet,romantic,famrel,freetime,goout,Dalc,Walc,health,absences,outcome
0,0.0,0.0,18,1.0,0.0,0.0,4.0,4.0,0.0,1.0,1.0,1.0,0.0,1.0,0.0,0.0,0.0,1.0,1.0,0.0,0.0,3.0,2.0,3.0,0.0,0.0,2.0,4.0,Low
1,0.0,0.0,17,1.0,0.0,1.0,1.0,1.0,0.0,0.0,0.0,1.0,0.0,0.0,1.0,0.0,0.0,0.0,1.0,1.0,0.0,4.0,2.0,2.0,0.0,0.0,2.0,2.0,Low
2,0.0,0.0,15,1.0,1.0,1.0,1.0,1.0,2.0,1.0,0.0,1.0,0.0,1.0,0.0,0.0,0.0,1.0,1.0,1.0,0.0,3.0,2.0,1.0,1.0,2.0,2.0,6.0,Low
3,0.0,0.0,15,1.0,0.0,1.0,4.0,2.0,1.0,1.0,0.0,2.0,0.0,0.0,1.0,0.0,1.0,1.0,1.0,1.0,1.0,2.0,1.0,1.0,0.0,0.0,4.0,0.0,High
4,0.0,0.0,16,1.0,0.0,1.0,3.0,3.0,1.0,0.0,0.0,1.0,0.0,0.0,1.0,0.0,0.0,1.0,1.0,0.0,0.0,3.0,2.0,1.0,0.0,1.0,4.0,0.0,High
5,0.0,1.0,16,1.0,1.0,1.0,4.0,3.0,3.0,1.0,0.0,1.0,0.0,0.0,1.0,0.0,1.0,1.0,1.0,1.0,0.0,4.0,3.0,1.0,0.0,1.0,4.0,6.0,High
6,0.0,1.0,16,1.0,1.0,1.0,2.0,2.0,1.0,1.0,0.0,1.0,0.0,0.0,0.0,0.0,0.0,1.0,1.0,1.0,0.0,3.0,3.0,3.0,0.0,0.0,2.0,0.0,High
7,0.0,0.0,17,1.0,0.0,0.0,4.0,4.0,1.0,1.0,1.0,1.0,0.0,1.0,1.0,0.0,0.0,1.0,1.0,0.0,0.0,3.0,0.0,3.0,0.0,0.0,0.0,2.0,High
8,0.0,1.0,15,1.0,1.0,0.0,3.0,2.0,1.0,1.0,0.0,1.0,0.0,0.0,1.0,0.0,0.0,1.0,1.0,1.0,0.0,3.0,1.0,1.0,0.0,0.0,0.0,0.0,High
9,0.0,1.0,15,1.0,0.0,1.0,3.0,4.0,1.0,1.0,0.0,1.0,0.0,0.0,1.0,0.0,1.0,1.0,1.0,1.0,0.0,4.0,4.0,0.0,0.0,0.0,4.0,0.0,High
10,0.0,0.0,15,1.0,0.0,1.0,4.0,4.0,3.0,1.0,0.0,1.0,0.0,0.0,1.0,0.0,0.0,1.0,1.0,1.0,0.0,2.0,2.0,2.0,0.0,1.0,1.0,2.0,High
11,0.0,0.0,15,1.0,0.0,1.0,2.0,1.0,3.0,0.0,2.0,2.0,0.0,0.0,1.0,0.0,1.0,1.0,1.0,1.0,0.0,4.0,1.0,1.0,0.0,0.0,3.0,0.0,High
12,0.0,1.0,15,1.0,1.0,1.0,4.0,4.0,0.0,0.0,0.0,0.0,0.0,0.0,1.0,0.0,1.0,1.0,1.0,1.0,0.0,3.0,2.0,2.0,0.0,2.0,4.0,0.0,Low
13,0.0,1.0,15,1.0,0.0,1.0,4.0,3.0,0.0,1.0,1.0,1.0,0.0,0.0,1.0,0.0,0.0,1.0,1.0,1.0,0.0,4.0,3.0,2.0,0.0,1.0,2.0,0.0,High
14,0.0,1.0,15,1.0,0.0,0.0,2.0,2.0,1.0,2.0,0.0,2.0,0.0,0.0,1.0,0.0,0.0,1.0,1.0,1.0,1.0,3.0,4.0,1.0,0.0,0.0,2.0,0.0,High
15,0.0,0.0,16,1.0,0.0,1.0,4.0,4.0,1.0,1.0,0.0,0.0,0.0,0.0,1.0,0.0,0.0,1.0,1.0,1.0,0.0,3.0,3.0,3.0,0.0,1.0,1.0,6.0,High
16,0.0,0.0,16,1.0,0.0,1.0,4.0,4.0,3.0,1.0,0.0,2.0,0.0,0.0,1.0,0.0,1.0,1.0,1.0,1.0,0.0,2.0,1.0,2.0,0.0,1.0,1.0,10.0,High
17,0.0,0.0,16,1.0,0.0,1.0,3.0,3.0,3.0,1.0,2.0,1.0,0.0,1.0,1.0,0.0,1.0,1.0,1.0,0.0,0.0,4.0,2.0,1.0,0.0,0.0,3.0,2.0,High
18,0.0,1.0,17,1.0,0.0,1.0,3.0,2.0,0.0,1.0,0.0,0.0,3.0,0.0,1.0,1.0,1.0,1.0,1.0,1.0,0.0,4.0,4.0,4.0,1.0,3.0,4.0,2.0,Low
19,0.0,1.0,16,1.0,1.0,1.0,4.0,3.0,1.0,0.0,0.0,0.0,0.0,0.0,0.0,0.0,1.0,1.0,1.0,1.0,0.0,2.0,0.0,2.0,0.0,2.0,4.0,6.0,Low
20,0.0,1.0,15,1.0,0.0,1.0,4.0,3.0,3.0,1.0,0.0,1.0,0.0,0.0,0.0,0.0,0.0,1.0,1.0,1.0,0.0,3.0,3.0,0.0,0.0,0.0,0.0,0.0,High
21,0.0,1.0,15,1.0,0.0,1.0,4.0,4.0,2.0,0.0,0.0,0.0,0.0,0.0,1.0,1.0,0.0,1.0,1.0,1.0,0.0,4.0,3.0,1.0,0.0,0.0,4.0,0.0,Low
22,0.0,1.0,16,1.0,1.0,1.0,4.0,2.0,0.0,1.0,0.0,1.0,0.0,0.0,0.0,0.0,1.0,1.0,1.0,1.0,0.0,3.0,4.0,0.0,0.0,2.0,4.0,0.0,High
23,0.0,1.0,16,1.0,1.0,1.0,2.0,2.0,3.0,1.0,1.0,1.0,0.0,0.0,1.0,0.0,1.0,1.0,1.0,1.0,0.0,4.0,3.0,3.0,1.0,3.0,4.0,2.0,Low
24,0.0,0.0,15,0.0,0.0,1.0,2.0,4.0,0.0,1.0,0.0,2.0,0.0,1.0,1.0,0.0,1.0,1.0,1.0,1.0,0.0,3.0,2.0,1.0,0.0,0.0,4.0,2.0,Low
25,0.0,0.0,16,1.0,0.0,1.0,2.0,2.0,1.0,1.0,0.0,0.0,0.0,0.0,1.0,0.0,0.0,0.0,1.0,1.0,0.0,0.0,1.0,1.0,0.0,2.0,4.0,6.0,Low
26,0.0,1.0,15,1.0,0.0,1.0,2.0,2.0,1.0,1.0,0.0,0.0,0.0,0.0,1.0,0.0,0.0,1.0,1.0,1.0,0.0,3.0,1.0,1.0,0.0,1.0,4.0,8.0,Low
27,0.0,1.0,15,1.0,0.0,1.0,4.0,2.0,2.0,1.0,0.0,0.0,0.0,0.0,0.0,0.0,0.0,1.0,1.0,1.0,0.0,1.0,1.0,3.0,1.0,3.0,0.0,0.0,Low
28,0.0,1.0,16,1.0,1.0,0.0,3.0,4.0,1.0,1.0,0.0,1.0,0.0,1.0,1.0,1.0,1.0,1.0,1.0,1.0,0.0,4.0,2.0,2.0,0.0,0.0,4.0,2.0,High
29,0.0,1.0,16,1.0,0.0,1.0,4.0,4.0,1.0,1.0,0.0,1.0,0.0,0.0,1.0,1.0,1.0,1.0,1.0,1.0,1.0,3.0,3.0,4.0,4.0,4.0,4.0,4.0,Low
30,0.0,1.0,15,1.0,0.0,1.0,4.0,4.0,1.0,1.0,0.0,1.0,0.0,0.0,1.0,1.0,0.0,0.0,1.0,1.0,0.0,4.0,3.0,1.0,2.0,3.0,4.0,0.0,Low
31,0.0,1.0,15,1.0,0.0,1.0,4.0,4.0,3.0,1.0,1.0,1.0,0.0,0.0,1.0,0.0,1.0,1.0,1.0,1.0,0.0,3.0,2.0,0.0,0.0,0.0,4.0,2.0,High
32,0.0,1.0,15,0.0,0.0,1.0,4.0,3.0,0.0,1.0,0.0,1.0,0.0,0.0,1.0,0.0,1.0,1.0,1.0,1.0,1.0,3.0,4.0,1.0,0.0,0.0,4.0,0.0,High
33,0.0,1.0,15,1.0,1.0,1.0,3.0,3.0,0.0,1.0,0.0,1.0,0.0,0.0,0.0,0.0,1.0,0.0,1.0,1.0,0.0,4.0,2.0,1.0,0.0,0.0,1.0,0.0,Low
34,0.0,1.0,16,1.0,0.0,1.0,3.0,2.0,1.0,1.0,0.0,0.0,0.0,0.0,1.0,0.0,0.0,0.0,1.0,1.0,0.0,4.0,3.0,2.0,0.0,0.0,4.0,4.0,Low
35,0.0,0.0,15,1.0,0.0,1.0,2.0,3.0,2.0,0.0,1.0,0.0,0.0,0.0,1.0,0.0,1.0,1.0,1.0,0.0,0.0,2.0,4.0,0.0,0.0,0.0,4.0,4.0,Low
36,0.0,1.0,15,1.0,1.0,1.0,4.0,3.0,1.0,1.0,0.0,2.0,0.0,0.0,1.0,0.0,1.0,1.0,1.0,1.0,0.0,4.0,3.0,2.0,0.0,0.0,3.0,0.0,High
37,0.0,1.0,16,0.0,0.0,0.0,4.0,4.0,3.0,1.0,1.0,2.0,0.0,0.0,1.0,0.0,1.0,1.0,1.0,1.0,1.0,1.0,3.0,2.0,0.0,0.0,4.0,4.0,High
38,0.0,0.0,15,0.0,0.0,1.0,3.0,4.0,0.0,1.0,0.0,2.0,0.0,1.0,1.0,0.0,1.0,1.0,1.0,1.0,0.0,3.0,2.0,1.0,0.0,0.0,4.0,2.0,Low
39,0.0,0.0,15,0.0,0.0,1.0,2.0,2.0,3.0,1.0,0.0,0.0,0.0,1.0,1.0,0.0,1.0,1.0,1.0,0.0,0.0,3.0,2.0,0.0,0.0,0.0,1.0,8.0,Low
40,0.0,0.0,16,1.0,1.0,1.0,2.0,2.0,1.0,1.0,1.0,1.0,0.0,0.0,1.0,0.0,1.0,0.0,1.0,1.0,1.0,2.0,2.0,2.0,0.0,1.0,2.0,16.0,Low
41,0.0,1.0,15,1.0,1.0,1.0,4.0,4.0,1.0,2.0,0.0,0.0,0.0,0.0,1.0,0.0,0.0,0.0,1.0,1.0,1.0,4.0,3.0,2.0,1.0,3.0,4.0,8.0,Low
42,0.0,1.0,15,1.0,0.0,1.0,4.0,4.0,0.0,0.0,0.0,1.0,0.0,0.0,1.0,0.0,1.0,1.0,1.0,1.0,0.0,3.0,2.0,2.0,0.0,0.0,4.0,0.0,High
43,0.0,1.0,15,1.0,0.0,1.0,2.0,2.0,0.0,0.0,0.0,0.0,0.0,1.0,1.0,0.0,0.0,1.0,1.0,1.0,0.0,4.0,3.0,0.0,0.0,0.0,0.0,0.0,Low
44,0.0,0.0,16,1.0,1.0,1.0,2.0,2.0,0.0,0.0,1.0,1.0,1.0,1.0,0.0,0.0,1.0,1.0,1.0,1.0,0.0,3.0,2.0,2.0,1.0,1.0,4.0,14.0,Low
45,0.0,0.0,15,1.0,1.0,0.0,4.0,3.0,0.0,1.0,0.0,1.0,0.0,1.0,1.0,1.0,1.0,1.0,1.0,1.0,1.0,4.0,1.0,1.0,0.0,0.0,4.0,4.0,Low
46,0.0,0.0,16,1.0,1.0,0.0,3.0,3.0,1.0,1.0,0.0,1.0,0.0,0.0,1.0,0.0,0.0,1.0,1.0,1.0,0.0,1.0,2.0,4.0,0.0,3.0,2.0,6.0,High
47,0.0,1.0,16,1.0,0.0,1.0,4.0,3.0,3.0,1.0,0.0,3.0,0.0,0.0,0.0,0.0,1.0,1.0,1.0,1.0,0.0,3.0,1.0,1.0,0.0,0.0,1.0,2.0,High
48,0.0,1.0,15,1.0,0.0,1.0,4.0,2.0,1.0,1.0,0.0,1.0,0.0,0.0,1.0,0.0,0.0,1.0,1.0,0.0,0.0,3.0,2.0,2.0,1.0,1.0,4.0,4.0,High
49,0.0,0.0,15,1.0,0.0,1.0,4.0,4.0,2.0,0.0,0.0,1.0,0.0,1.0,1.0,0.0,1.0,0.0,1.0,1.0,0.0,3.0,3.0,3.0,0.0,0.0,2.0,2.0,Low
50,0.0,0.0,16,1.0,1.0,1.0,2.0,2.0,0.0,1.0,2.0,1.0,0.0,0.0,1.0,0.0,0.0,1.0,1.0,1.0,0.0,3.0,2.0,2.0,1.0,2.0,3.0,0.0,High
51,0.0,0.0,15,1.0,1.0,1.0,4.0,2.0,2.0,1.0,0.0,1.0,0.0,0.0,1.0,0.0,0.0,1.0,1.0,1.0,0.0,3.0,2.0,2.0,0.0,0.0,4.0,0.0,High
52,0.0,1.0,15,1.0,1.0,0.0,4.0,2.0,2.0,0.0,1.0,0.0,0.0,0.0,0.0,0.0,0.0,1.0,1.0,0.0,0.0,4.0,4.0,4.0,2.0,3.0,4.0,4.0,Low
53,0.0,0.0,15,1.0,0.0,1.0,4.0,4.0,0.0,1.0,0.0,0.0,0.0,1.0,1.0,0.0,0.0,1.0,1.0,1.0,0.0,2.0,2.0,3.0,1.0,2.0,4.0,0.0,Low
54,0.0,0.0,15,1.0,1.0,0.0,3.0,3.0,2.0,1.0,0.0,0.0,0.0,0.0,0.0,0.0,0.0,1.0,1.0,1.0,0.0,4.0,2.0,3.0,3.0,3.0,0.0,0.0,High
55,0.0,0.0,16,1.0,0.0,0.0,2.0,1.0,2.0,1.0,0.0,1.0,0.0,0.0,0.0,0.0,1.0,1.0,1.0,1.0,1.0,4.0,2.0,3.0,0.0,0.0,1.0,2.0,Low
56,0.0,0.0,15,1.0,0.0,0.0,4.0,3.0,3.0,1.0,0.0,1.0,0.0,0.0,1.0,0.0,1.0,1.0,1.0,1.0,0.0,3.0,2.0,1.0,0.0,0.0,0.0,0.0,High
57,0.0,1.0,15,1.0,0.0,1.0,4.0,4.0,3.0,1.0,0.0,1.0,0.0,0.0,1.0,0.0,1.0,1.0,1.0,0.0,0.0,2.0,1.0,1.0,0.0,0.0,4.0,8.0,High
58,0.0,1.0,15,1.0,1.0,1.0,1.0,2.0,1.0,0.0,0.0,1.0,0.0,1.0,1.0,0.0,1.0,1.0,1.0,1.0,0.0,3.0,2.0,1.0,0.0,0.0,4.0,0.0,High
59,0.0,0.0,16,1.0,0.0,1.0,4.0,2.0,0.0,1.0,0.0,1.0,0.0,0.0,1.0,1.0,0.0,1.0,1.0,1.0,0.0,3.0,1.0,2.0,0.0,0.0,4.0,2.0,High
60,0.0,0.0,16,0.0,0.0,1.0,4.0,4.0,2.0,1.0,0.0,1.0,0.0,0.0,1.0,0.0,1.0,1.0,1.0,0.0,0.0,1.0,3.0,3.0,1.0,2.0,3.0,0.0,High
61,0.0,0.0,16,1.0,0.0,1.0,1.0,1.0,0.0,0.0,3.0,0.0,0.0,1.0,1.0,0.0,1.0,0.0,1.0,1.0,1.0,4.0,4.0,4.0,4.0,4.0,4.0,0.0,High
62,0.0,0.0,16,1.0,1.0,1.0,1.0,2.0,3.0,0.0,0.0,1.0,0.0,1.0,0.0,0.0,1.0,1.0,1.0,1.0,0.0,3.0,3.0,2.0,0.0,0.0,0.0,0.0,Low
63,0.0,0.0,16,1.0,0.0,1.0,4.0,3.0,1.0,1.0,0.0,2.0,0.0,1.0,1.0,0.0,1.0,1.0,1.0,1.0,0.0,2.0,3.0,3.0,1.0,3.0,3.0,0.0,High
64,0.0,0.0,15,1.0,1.0,1.0,4.0,3.0,3.0,0.0,0.0,1.0,0.0,1.0,0.0,0.0,1.0,1.0,1.0,1.0,1.0,3.0,3.0,3.0,1.0,3.0,1.0,0.0,Low
65,0.0,0.0,16,1.0,1.0,1.0,4.0,3.0,0.0,1.0,2.0,1.0,0.0,0.0,1.0,0.0,1.0,1.0,1.0,1.0,0.0,4.0,3.0,2.0,0.0,1.0,0.0,2.0,High
66,0.0,1.0,15,1.0,0.0,0.0,4.0,4.0,3.0,1.0,0.0,3.0,0.0,0.0,1.0,0.0,1.0,0.0,1.0,1.0,1.0,0.0,2.0,2.0,4.0,4.0,2.0,0.0,Low
67,0.0,0.0,16,1.0,0.0,1.0,3.0,1.0,0.0,1.0,0.0,3.0,0.0,1.0,1.0,0.0,0.0,1.0,1.0,1.0,0.0,3.0,2.0,2.0,0.0,1.0,4.0,0.0,Low
68,0.0,0.0,15,0.0,1.0,1.0,2.0,2.0,3.0,1.0,1.0,1.0,0.0,1.0,1.0,0.0,0.0,1.0,1.0,1.0,0.0,3.0,0.0,2.0,0.0,2.0,3.0,0.0,Low
69,0.0,0.0,15,0.0,1.0,1.0,3.0,1.0,3.0,0.0,1.0,3.0,0.0,0.0,1.0,0.0,0.0,0.0,1.0,1.0,0.0,3.0,3.0,1.0,1.0,2.0,2.0,6.0,High
70,0.0,1.0,16,1.0,0.0,1.0,3.0,1.0,3.0,0.0,1.0,3.0,0.0,0.0,1.0,0.0,0.0,1.0,1.0,1.0,0.0,3.0,2.0,1.0,0.0,0.0,4.0,2.0,Low
71,0.0,1.0,15,1.0,0.0,1.0,4.0,2.0,0.0,1.0,0.0,3.0,0.0,0.0,0.0,0.0,0.0,1.0,1.0,1.0,0.0,2.0,2.0,2.0,0.0,0.0,2.0,0.0,Low
72,0.0,0.0,15,0.0,0.0,1.0,1.0,1.0,3.0,1.0,0.0,1.0,0.0,1.0,1.0,0.0,0.0,0.0,1.0,1.0,1.0,2.0,2.0,3.0,1.0,3.0,4.0,2.0,Low
73,0.0,1.0,16,1.0,0.0,1.0,3.0,1.0,3.0,1.0,0.0,0.0,0.0,0.0,0.0,0.0,1.0,1.0,1.0,0.0,0.0,4.0,2.0,1.0,1.0,1.0,4.0,0.0,High
74,0.0,0.0,16,1.0,0.0,1.0,3.0,3.0,1.0,1.0,0.0,1.0,0.0,1.0,1.0,0.0,1.0,1.0,1.0,1.0,0.0,3.0,2.0,2.0,1.0,3.0,4.0,4.0,Low
75,0.0,1.0,15,1.0,0.0,1.0,4.0,3.0,1.0,1.0,0.0,1.0,0.0,0.0,1.0,0.0,1.0,1.0,1.0,1.0,0.0,3.0,2.0,2.0,1.0,2.0,4.0,0.0,Low
76,0.0,1.0,15,1.0,0.0,1.0,4.0,0.0,0.0,1.0,1.0,3.0,0.0,0.0,0.0,0.0,1.0,1.0,1.0,1.0,0.0,2.0,3.0,2.0,0.0,0.0,0.0,0.0,Low
77,0.0,0.0,16,1.0,0.0,1.0,2.0,2.0,3.0,1.0,0.0,3.0,0.0,0.0,0.0,0.0,0.0,1.0,1.0,1.0,1.0,4.0,1.0,2.0,0.0,2.0,2.0,1.0,High
78,0.0,1.0,17,1.0,0.0,1.0,2.0,1.0,1.0,1.0,1.0,0.0,3.0,1.0,1.0,0.0,1.0,1.0,0.0,1.0,0.0,3.0,4.0,0.0,0.0,0.0,2.0,0.0,Low
79,0.0,0.0,16,1.0,0.0,1.0,3.0,4.0,0.0,1.0,0.0,1.0,0.0,0.0,1.0,0.0,0.0,1.0,1.0,1.0,0.0,1.0,3.0,2.0,0.0,1.0,2.0,14.0,Low
80,0.0,1.0,15,1.0,0.0,1.0,2.0,3.0,0.0,0.0,0.0,0.0,0.0,1.0,1.0,0.0,1.0,0.0,1.0,1.0,1.0,2.0,1.0,1.0,0.0,2.0,2.0,0.0,Low
81,0.0,1.0,15,1.0,0.0,1.0,2.0,3.0,1.0,1.0,0.0,2.0,0.0,1.0,0.0,0.0,0.0,0.0,1.0,1.0,0.0,4.0,2.0,1.0,0.0,1.0,4.0,2.0,Low
82,0.0,0.0,15,1.0,1.0,1.0,3.0,2.0,3.0,1.0,0.0,1.0,0.0,0.0,1.0,0.0,0.0,1.0,1.0,1.0,0.0,3.0,3.0,3.0,0.0,0.0,4.0,4.0,Low
83,0.0,1.0,15,1.0,1.0,1.0,2.0,2.0,1.0,1.0,1.0,1.0,0.0,0.0,0.0,1.0,1.0,1.0,1.0,1.0,0.0,4.0,2.0,2.0,0.0,2.0,3.0,2.0,High
84,0.0,0.0,15,1.0,0.0,1.0,1.0,1.0,1.0,0.0,0.0,1.0,0.0,0.0,1.0,0.0,1.0,0.0,1.0,1.0,0.0,3.0,2.0,1.0,1.0,2.0,3.0,2.0,Low
85,0.0,0.0,15,1.0,0.0,1.0,4.0,4.0,3.0,0.0,1.0,1.0,0.0,0.0,0.0,0.0,0.0,1.0,1.0,1.0,1.0,3.0,3.0,3.0,1.0,2.0,4.0,4.0,Low
86,0.0,0.0,16,1.0,1.0,1.0,2.0,2.0,0.0,1.0,0.0,1.0,0.0,0.0,1.0,0.0,0.0,1.0,1.0,0.0,0.0,3.0,2.0,3.0,0.0,1.0,1.0,6.0,Low
87,0.0,0.0,15,1.0,0.0,1.0,4.0,2.0,3.0,1.0,0.0,2.0,0.0,0.0,1.0,0.0,1.0,1.0,1.0,1.0,0.0,4.0,2.0,2.0,0.0,2.0,0.0,4.0,High
88,0.0,1.0,16,1.0,0.0,1.0,2.0,2.0,3.0,0.0,1.0,1.0,0.0,0.0,0.0,0.0,1.0,0.0,1.0,1.0,0.0,3.0,3.0,1.0,0.0,0.0,2.0,6.0,Low
89,0.0,1.0,16,1.0,1.0,0.0,4.0,4.0,3.0,1.0,0.0,1.0,0.0,0.0,1.0,0.0,0.0,1.0,1.0,0.0,0.0,3.0,0.0,2.0,2.0,4.0,4.0,6.0,Low
90,0.0,0.0,16,1.0,0.0,1.0,3.0,3.0,1.0,1.0,0.0,2.0,0.0,0.0,1.0,0.0,0.0,1.0,1.0,1.0,1.0,3.0,2.0,2.0,0.0,2.0,3.0,2.0,Low
91,0.0,0.0,15,1.0,0.0,1.0,4.0,3.0,3.0,1.0,0.0,0.0,0.0,0.0,0.0,0.0,1.0,1.0,1.0,1.0,0.0,3.0,4.0,4.0,0.0,2.0,0.0,6.0,High
92,0.0,0.0,16,1.0,1.0,1.0,3.0,1.0,1.0,0.0,0.0,1.0,0.0,1.0,1.0,0.0,0.0,1.0,1.0,0.0,0.0,2.0,2.0,2.0,1.0,2.0,1.0,0.0,Low
93,0.0,0.0,16,1.0,0.0,1.0,4.0,2.0,1.0,1.0,1.0,1.0,0.0,0.0,1.0,0.0,1.0,1.0,1.0,1.0,0.0,4.0,2.0,2.0,0.0,0.0,0.0,2.0,High
94,0.0,1.0,15,1.0,1.0,1.0,2.0,2.0,3.0,1.0,0.0,3.0,0.0,0.0,1.0,0.0,1.0,1.0,1.0,1.0,0.0,3.0,2.0,3.0,0.0,0.0,3.0,2.0,Low
95,0.0,0.0,15,0.0,0.0,1.0,1.0,1.0,1.0,1.0,1.0,3.0,0.0,1.0,1.0,1.0,1.0,1.0,1.0,1.0,0.0,2.0,0.0,1.0,0.0,0.0,0.0,4.0,High
96,0.0,1.0,16,0.0,0.0,1.0,4.0,3.0,3.0,1.0,1.0,0.0,0.0,1.0,1.0,1.0,1.0,0.0,1.0,1.0,0.0,2.0,2.0,2.0,0.0,0.0,3.0,6.0,Low
97,0.0,0.0,16,1.0,0.0,1.0,2.0,1.0,0.0,1.0,0.0,1.0,0.0,0.0,1.0,0.0,0.0,1.0,1.0,0.0,1.0,3.0,2.0,4.0,0.0,0.0,4.0,0.0,Low
98,0.0,0.0,16,1.0,0.0,1.0,4.0,4.0,3.0,1.0,0.0,0.0,0.0,0.0,0.0,0.0,1.0,0.0,1.0,1.0,0.0,4.0,2.0,3.0,0.0,1.0,0.0,4.0,High
99,0.0,0.0,16,1.0,0.0,1.0,4.0,3.0,0.0,1.0,0.0,2.0,0.0,1.0,1.0,0.0,0.0,1.0,1.0,1.0,0.0,4.0,2.0,4.0,0.0,0.0,2.0,2.0,High
100,0.0,1.0,16,1.0,0.0,1.0,4.0,4.0,2.0,1.0,0.0,0.0,0.0,1.0,1.0,0.0,1.0,1.0,1.0,1.0,0.0,3.0,4.0,4.0,4.0,4.0,3.0,12.0,Low
101,0.0,1.0,16,1.0,0.0,1.0,4.0,4.0,2.0,0.0,0.0,2.0,0.0,0.0,1.0,0.0,1.0,1.0,1.0,1.0,1.0,3.0,3.0,2.0,0.0,0.0,3.0,0.0,High
102,0.0,1.0,15,1.0,0.0,1.0,4.0,4.0,0.0,1.0,0.0,0.0,0.0,0.0,1.0,1.0,1.0,0.0,1.0,1.0,0.0,4.0,2.0,2.0,0.0,0.0,4.0,2.0,Low
103,0.0,0.0,15,1.0,0.0,1.0,3.0,2.0,1.0,1.0,1.0,1.0,0.0,1.0,1.0,0.0,0.0,1.0,1.0,1.0,0.0,3.0,2.0,4.0,0.0,0.0,1.0,16.0,Low
104,0.0,1.0,15,1.0,0.0,0.0,3.0,4.0,0.0,1.0,0.0,1.0,0.0,0.0,1.0,0.0,1.0,1.0,1.0,1.0,0.0,4.0,3.0,3.0,0.0,0.0,0.0,0.0,High
105,0.0,0.0,15,1.0,0.0,0.0,3.0,3.0,3.0,0.0,0.0,3.0,0.0,1.0,0.0,0.0,0.0,1.0,1.0,0.0,0.0,3.0,2.0,2.0,0.0,0.0,3.0,10.0,Low
106,0.0,0.0,15,1.0,0.0,1.0,2.0,2.0,0.0,1.0,0.0,3.0,0.0,1.0,1.0,0.0,0.0,1.0,1.0,1.0,0.0,4.0,0.0,1.0,0.0,0.0,2.0,4.0,Low
107,0.0,1.0,16,1.0,0.0,1.0,3.0,3.0,1.0,0.0,0.0,2.0,0.0,0.0,1.0,0.0,1.0,1.0,1.0,1.0,0.0,4.0,2.0,2.0,0.0,0.0,4.0,4.0,High
108,0.0,1.0,15,0.0,0.0,1.0,4.0,4.0,1.0,0.0,3.0,3.0,0.0,0.0,1.0,0.0,1.0,1.0,1.0,1.0,1.0,0.0,2.0,4.0,2.0,4.0,0.0,8.0,Low
109,0.0,0.0,16,1.0,1.0,1.0,4.0,4.0,2.0,1.0,0.0,2.0,0.0,0.0,1.0,0.0,1.0,1.0,1.0,1.0,1.0,4.0,3.0,4.0,0.0,0.0,3.0,2.0,High
110,0.0,1.0,15,1.0,1.0,0.0,4.0,4.0,0.0,1.0,0.0,0.0,0.0,0.0,0.0,0.0,1.0,1.0,1.0,1.0,0.0,4.0,4.0,2.0,0.0,0.0,3.0,4.0,High
111,0.0,0.0,16,0.0,0.0,1.0,3.0,3.0,3.0,0.0,0.0,2.0,0.0,1.0,1.0,0.0,1.0,1.0,1.0,1.0,0.0,3.0,0.0,1.0,0.0,0.0,1.0,4.0,Low
112,0.0,0.0,16,1.0,0.0,1.0,2.0,2.0,1.0,1.0,0.0,1.0,1.0,1.0,0.0,0.0,1.0,1.0,1.0,1.0,0.0,2.0,0.0,1.0,0.0,0.0,4.0,12.0,Low
113,0.0,1.0,15,1.0,1.0,1.0,4.0,2.0,0.0,1.0,0.0,0.0,0.0,0.0,0.0,0.0,0.0,1.0,1.0,1.0,0.0,2.0,4.0,1.0,0.0,0.0,2.0,10.0,High
114,0.0,1.0,15,0.0,0.0,1.0,2.0,1.0,3.0,1.0,0.0,1.0,0.0,0.0,0.0,0.0,1.0,1.0,1.0,1.0,1.0,4.0,3.0,1.0,0.0,0.0,4.0,4.0,Low
115,0.0,1.0,16,1.0,0.0,1.0,4.0,4.0,0.0,0.0,0.0,1.0,0.0,0.0,1.0,0.0,1.0,1.0,1.0,1.0,0.0,4.0,3.0,3.0,0.0,1.0,4.0,6.0,High
116,0.0,1.0,15,1.0,0.0,1.0,4.0,4.0,3.0,0.0,1.0,1.0,0.0,0.0,1.0,0.0,1.0,1.0,1.0,0.0,0.0,3.0,3.0,2.0,0.0,0.0,1.0,4.0,High
117,0.0,1.0,16,1.0,0.0,1.0,3.0,3.0,1.0,0.0,1.0,0.0,0.0,0.0,0.0,0.0,1.0,1.0,1.0,1.0,0.0,4.0,3.0,1.0,0.0,0.0,4.0,6.0,High
118,0.0,1.0,17,0.0,0.0,1.0,1.0,3.0,0.0,0.0,2.0,1.0,1.0,0.0,1.0,0.0,1.0,1.0,1.0,1.0,0.0,4.0,1.0,3.0,0.0,3.0,4.0,14.0,Low
119,0.0,1.0,15,1.0,0.0,1.0,3.0,4.0,3.0,0.0,0.0,0.0,0.0,0.0,0.0,0.0,0.0,1.0,1.0,1.0,0.0,2.0,3.0,2.0,0.0,1.0,3.0,2.0,High
120,0.0,0.0,15,1.0,0.0,1.0,1.0,2.0,0.0,1.0,0.0,1.0,0.0,0.0,0.0,0.0,0.0,0.0,1.0,1.0,0.0,2.0,1.0,2.0,0.0,1.0,0.0,0.0,High
121,0.0,1.0,15,1.0,0.0,1.0,2.0,2.0,1.0,0.0,0.0,3.0,0.0,0.0,1.0,0.0,1.0,1.0,1.0,1.0,0.0,4.0,4.0,3.0,0.0,1.0,4.0,6.0,High
122,0.0,0.0,16,1.0,1.0,1.0,2.0,4.0,0.0,0.0,1.0,1.0,0.0,0.0,1.0,0.0,1.0,1.0,1.0,1.0,1.0,3.0,1.0,1.0,0.0,1.0,4.0,2.0,High
123,0.0,1.0,16,1.0,0.0,1.0,4.0,4.0,0.0,1.0,0.0,0.0,0.0,0.0,1.0,0.0,1.0,1.0,1.0,1.0,0.0,2.0,3.0,3.0,0.0,3.0,4.0,4.0,High
124,0.0,0.0,16,1.0,0.0,1.0,2.0,2.0,1.0,1.0,0.0,1.0,0.0,0.0,0.0,0.0,0.0,1.0,1.0,1.0,1.0,4.0,3.0,3.0,0.0,0.0,4.0,0.0,Low
125,0.0,1.0,15,1.0,0.0,1.0,3.0,4.0,1.0,0.0,0.0,0.0,0.0,1.0,0.0,0.0,0.0,1.0,1.0,1.0,0.0,4.0,4.0,4.0,2.0,1.0,4.0,2.0,Low
126,0.0,0.0,15,1.0,1.0,0.0,3.0,4.0,1.0,1.0,0.0,1.0,0.0,1.0,0.0,0.0,1.0,1.0,1.0,1.0,1.0,4.0,2.0,1.0,0.0,0.0,0.0,0.0,Low
127,0.0,0.0,19,1.0,0.0,1.0,0.0,1.0,0.0,2.0,0.0,1.0,2.0,0.0,1.0,0.0,0.0,0.0,0.0,0.0,0.0,2.0,3.0,1.0,0.0,0.0,4.0,0.0,Low
128,0.0,1.0,16,0.0,0.0,1.0,4.0,4.0,0.0,1.0,0.0,0.0,0.0,0.0,0.0,0.0,1.0,1.0,1.0,1.0,0.0,2.0,4.0,4.0,1.0,4.0,3.0,8.0,High
129,0.0,1.0,16,1.0,0.0,1.0,2.0,3.0,0.0,1.0,1.0,2.0,0.0,0.0,1.0,0.0,0.0,0.0,1.0,1.0,1.0,2.0,1.0,2.0,1.0,1.0,0.0,4.0,High
130,0.0,0.0,15,0.0,0.0,1.0,3.0,4.0,0.0,0.0,1.0,2.0,0.0,0.0,1.0,0.0,0.0,1.0,1.0,1.0,1.0,3.0,1.0,1.0,1.0,1.0,4.0,0.0,Low
131,0.0,0.0,18,1.0,0.0,1.0,2.0,1.0,3.0,1.0,0.0,1.0,3.0,0.0,1.0,0.0,1.0,1.0,0.0,1.0,1.0,4.0,3.0,4.0,0.0,2.0,4.0,10.0,Low
132,0.0,0.0,17,1.0,1.0,0.0,2.0,1.0,0.0,1.0,2.0,0.0,0.0,0.0,1.0,0.0,0.0,1.0,1.0,1.0,0.0,2.0,1.0,1.0,0.0,1.0,4.0,8.0,Low
133,0.0,0.0,15,1.0,0.0,1.0,1.0,1.0,0.0,1.0,2.0,0.0,0.0,0.0,1.0,0.0,1.0,0.0,1.0,1.0,1.0,3.0,2.0,2.0,0.0,1.0,3.0,6.0,High
134,0.0,0.0,17,1.0,1.0,1.0,2.0,2.0,0.0,0.0,0.0,0.0,0.0,0.0,1.0,0.0,0.0,1.0,1.0,1.0,1.0,2.0,3.0,3.0,0.0,2.0,4.0,2.0,Low
135,0.0,0.0,16,1.0,0.0,0.0,3.0,4.0,0.0,0.0,0.0,0.0,0.0,0.0,0.0,0.0,0.0,1.0,1.0,1.0,0.0,2.0,1.0,0.0,0.0,3.0,4.0,12.0,High
136,0.0,1.0,16,1.0,0.0,1.0,2.0,1.0,0.0,1.0,3.0,0.0,0.0,0.0,0.0,0.0,0.0,1.0,1.0,0.0,0.0,2.0,1.0,0.0,0.0,0.0,1.0,4.0,Low
137,0.0,0.0,16,1.0,0.0,0.0,2.0,2.0,1.0,1.0,0.0,0.0,1.0,0.0,0.0,0.0,0.0,1.0,1.0,0.0,0.0,4.0,2.0,3.0,0.0,0.0,4.0,12.0,Low
138,0.0,1.0,15,0.0,0.0,1.0,3.0,4.0,0.0,1.0,3.0,1.0,0.0,0.0,1.0,0.0,0.0,1.0,1.0,0.0,1.0,4.0,2.0,2.0,0.0,0.0,4.0,2.0,Low
139,0.0,0.0,15,1.0,0.0,1.0,4.0,4.0,0.0,1.0,0.0,2.0,0.0,0.0,1.0,0.0,1.0,1.0,1.0,1.0,1.0,3.0,2.0,2.0,0.0,0.0,4.0,4.0,High
140,0.0,1.0,17,0.0,0.0,1.0,3.0,4.0,0.0,1.0,2.0,1.0,0.0,0.0,0.0,0.0,0.0,1.0,1.0,0.0,0.0,4.0,3.0,4.0,1.0,3.0,4.0,2.0,Low
141,0.0,0.0,16,0.0,0.0,1.0,1.0,1.0,0.0,1.0,3.0,1.0,0.0,0.0,1.0,0.0,0.0,1.0,1.0,0.0,0.0,4.0,0.0,2.0,0.0,0.0,2.0,0.0,High
142,0.0,1.0,18,1.0,1.0,1.0,3.0,1.0,0.0,1.0,1.0,0.0,0.0,0.0,0.0,0.0,1.0,1.0,1.0,1.0,1.0,2.0,2.0,3.0,3.0,4.0,3.0,2.0,Low
143,0.0,0.0,18,1.0,0.0,0.0,3.0,2.0,0.0,2.0,0.0,2.0,0.0,0.0,1.0,0.0,1.0,0.0,1.0,1.0,1.0,3.0,2.0,2.0,4.0,0.0,4.0,10.0,Low
144,0.0,0.0,16,0.0,0.0,1.0,1.0,1.0,3.0,1.0,1.0,0.0,0.0,0.0,1.0,0.0,1.0,1.0,1.0,0.0,1.0,2.0,2.0,2.0,0.0,1.0,0.0,8.0,Low
145,0.0,0.0,16,1.0,0.0,0.0,3.0,3.0,0.0,2.0,1.0,0.0,0.0,0.0,1.0,0.0,1.0,0.0,1.0,1.0,1.0,3.0,2.0,1.0,0.0,0.0,4.0,4.0,Low
146,0.0,1.0,16,1.0,1.0,1.0,1.0,1.0,0.0,1.0,0.0,1.0,2.0,0.0,0.0,0.0,0.0,1.0,1.0,0.0,1.0,3.0,3.0,3.0,0.0,2.0,4.0,0.0,Low
147,0.0,0.0,15,1.0,0.0,1.0,4.0,4.0,0.0,1.0,1.0,0.0,0.0,0.0,0.0,0.0,1.0,1.0,1.0,1.0,0.0,3.0,2.0,1.0,0.0,0.0,4.0,6.0,High
148,0.0,0.0,15,0.0,0.0,1.0,1.0,1.0,0.0,1.0,2.0,0.0,1.0,0.0,0.0,0.0,1.0,1.0,1.0,1.0,1.0,4.0,4.0,4.0,0.0,0.0,0.0,2.0,Low
149,0.0,1.0,15,1.0,0.0,1.0,4.0,3.0,0.0,0.0,1.0,3.0,0.0,1.0,1.0,0.0,0.0,1.0,1.0,1.0,0.0,1.0,1.0,1.0,0.0,0.0,2.0,6.0,Low
150,0.0,0.0,15,1.0,0.0,0.0,3.0,3.0,1.0,1.0,0.0,1.0,0.0,0.0,0.0,0.0,0.0,0.0,1.0,0.0,1.0,0.0,2.0,1.0,1.0,2.0,0.0,20.0,Low
151,0.0,1.0,16,1.0,0.0,1.0,4.0,4.0,0.0,1.0,0.0,2.0,0.0,0.0,1.0,0.0,1.0,1.0,1.0,1.0,0.0,4.0,2.0,2.0,0.0,2.0,4.0,0.0,High
152,0.0,1.0,16,1.0,1.0,1.0,2.0,2.0,3.0,0.0,1.0,0.0,0.0,0.0,1.0,0.0,1.0,1.0,1.0,1.0,0.0,1.0,2.0,2.0,1.0,1.0,1.0,4.0,Low
153,0.0,0.0,15,1.0,0.0,1.0,4.0,4.0,0.0,1.0,0.0,2.0,0.0,0.0,1.0,0.0,1.0,1.0,1.0,1.0,0.0,3.0,1.0,1.0,0.0,0.0,4.0,2.0,High
154,0.0,0.0,16,1.0,1.0,1.0,1.0,1.0,0.0,1.0,0.0,0.0,0.0,0.0,0.0,0.0,0.0,1.0,1.0,1.0,0.0,2.0,3.0,3.0,2.0,2.0,0.0,4.0,Low
155,0.0,1.0,17,1.0,0.0,1.0,2.0,1.0,1.0,1.0,0.0,0.0,0.0,0.0,1.0,0.0,0.0,1.0,1.0,1.0,0.0,4.0,3.0,4.0,0.0,1.0,4.0,19.0,Low
156,0.0,0.0,15,1.0,0.0,1.0,1.0,1.0,0.0,0.0,0.0,1.0,0.0,0.0,1.0,0.0,0.0,1.0,1.0,1.0,0.0,3.0,3.0,1.0,0.0,1.0,4.0,0.0,Low
157,0.0,0.0,15,1.0,1.0,0.0,2.0,1.0,1.0,1.0,1.0,0.0,0.0,0.0,1.0,0.0,1.0,1.0,0.0,1.0,1.0,3.0,3.0,1.0,0.0,0.0,4.0,0.0,Low
158,0.0,0.0,15,1.0,0.0,1.0,3.0,2.0,1.0,0.0,0.0,1.0,1.0,0.0,1.0,0.0,0.0,1.0,1.0,1.0,0.0,2.0,2.0,1.0,0.0,0.0,2.0,2.0,Low
159,0.0,0.0,15,1.0,0.0,1.0,1.0,2.0,0.0,1.0,0.0,1.0,0.0,0.0,1.0,0.0,0.0,0.0,1.0,1.0,0.0,3.0,2.0,1.0,0.0,0.0,4.0,6.0,High
160,0.0,0.0,15,1.0,0.0,1.0,1.0,2.0,0.0,0.0,0.0,1.0,0.0,0.0,0.0,0.0,0.0,0.0,1.0,0.0,1.0,1.0,2.0,3.0,1.0,3.0,0.0,6.0,Low
161,0.0,1.0,16,1.0,0.0,1.0,4.0,4.0,0.0,1.0,0.0,0.0,0.0,0.0,1.0,0.0,0.0,1.0,0.0,1.0,1.0,2.0,2.0,1.0,1.0,0.0,4.0,16.0,Low
162,0.0,1.0,15,1.0,1.0,0.0,2.0,1.0,0.0,1.0,3.0,0.0,0.0,0.0,0.0,0.0,0.0,1.0,1.0,1.0,0.0,3.0,4.0,4.0,1.0,4.0,4.0,0.0,Low
163,0.0,1.0,18,1.0,1.0,1.0,1.0,1.0,0.0,1.0,0.0,0.0,2.0,0.0,0.0,0.0,0.0,1.0,0.0,1.0,1.0,1.0,2.0,4.0,1.0,4.0,3.0,0.0,Low
164,0.0,1.0,16,1.0,1.0,1.0,2.0,1.0,0.0,1.0,0.0,0.0,1.0,0.0,0.0,0.0,1.0,1.0,1.0,0.0,1.0,3.0,3.0,3.0,2.0,4.0,4.0,6.0,Low
165,0.0,0.0,15,0.0,0.0,1.0,3.0,3.0,3.0,2.0,1.0,2.0,0.0,0.0,1.0,1.0,1.0,1.0,1.0,1.0,1.0,3.0,1.0,0.0,1.0,2.0,2.0,2.0,High
166,0.0,1.0,19,1.0,0.0,1.0,3.0,2.0,1.0,1.0,0.0,0.0,0.0,0.0,1.0,0.0,0.0,1.0,0.0,1.0,1.0,3.0,4.0,3.0,0.0,0.0,3.0,6.0,Low
167,0.0,0.0,17,1.0,0.0,1.0,4.0,4.0,0.0,1.0,0.0,0.0,0.0,1.0,1.0,0.0,0.0,1.0,1.0,0.0,1.0,3.0,1.0,0.0,0.0,0.0,3.0,0.0,High
168,0.0,1.0,15,0.0,0.0,1.0,2.0,3.0,0.0,1.0,0.0,1.0,0.0,1.0,0.0,1.0,1.0,1.0,1.0,0.0,0.0,3.0,3.0,3.0,0.0,0.0,0.0,0.0,Low
169,0.0,1.0,17,0.0,1.0,1.0,1.0,2.0,3.0,1.0,0.0,0.0,3.0,0.0,0.0,0.0,0.0,1.0,1.0,0.0,0.0,1.0,1.0,1.0,2.0,2.0,4.0,14.0,Low
170,0.0,0.0,18,0.0,0.0,1.0,1.0,1.0,0.0,1.0,2.0,0.0,3.0,0.0,1.0,0.0,1.0,0.0,1.0,0.0,0.0,4.0,1.0,4.0,0.0,4.0,3.0,6.0,Low
171,0.0,1.0,16,0.0,0.0,1.0,2.0,2.0,0.0,1.0,2.0,0.0,0.0,0.0,0.0,0.0,0.0,0.0,1.0,0.0,0.0,3.0,1.0,1.0,0.0,1.0,2.0,4.0,Low
172,0.0,1.0,16,1.0,0.0,1.0,3.0,3.0,0.0,0.0,0.0,1.0,1.0,0.0,1.0,0.0,0.0,1.0,1.0,1.0,1.0,3.0,4.0,4.0,3.0,3.0,4.0,0.0,Low
173,0.0,1.0,16,1.0,1.0,1.0,1.0,2.0,0.0,1.0,1.0,0.0,2.0,0.0,0.0,0.0,0.0,0.0,1.0,1.0,0.0,3.0,3.0,4.0,2.0,4.0,4.0,0.0,Low
174,0.0,1.0,17,0.0,1.0,1.0,2.0,1.0,0.0,1.0,1.0,0.0,1.0,0.0,0.0,1.0,1.0,1.0,0.0,1.0,1.0,2.0,2.0,1.0,1.0,1.0,4.0,8.0,Low
175,0.0,1.0,17,0.0,0.0,1.0,3.0,2.0,0.0,1.0,1.0,1.0,2.0,1.0,1.0,0.0,0.0,1.0,1.0,1.0,1.0,3.0,3.0,3.0,0.0,3.0,2.0,4.0,Low
176,0.0,1.0,15,1.0,1.0,1.0,1.0,2.0,0.0,1.0,1.0,0.0,0.0,0.0,0.0,0.0,1.0,1.0,1.0,0.0,0.0,3.0,3.0,3.0,1.0,3.0,4.0,2.0,Low
177,0.0,1.0,16,1.0,0.0,1.0,1.0,3.0,0.0,0.0,0.0,0.0,1.0,0.0,0.0,0.0,0.0,1.0,0.0,1.0,0.0,4.0,2.0,2.0,0.0,3.0,1.0,2.0,Low
178,0.0,1.0,17,0.0,1.0,1.0,1.0,1.0,0.0,1.0,3.0,1.0,0.0,0.0,0.0,0.0,1.0,1.0,0.0,0.0,1.0,4.0,2.0,4.0,0.0,4.0,4.0,0.0,Low
179,0.0,1.0,17,1.0,0.0,1.0,3.0,2.0,0.0,1.0,1.0,0.0,3.0,0.0,1.0,0.0,1.0,0.0,0.0,0.0,0.0,3.0,4.0,1.0,0.0,0.0,1.0,10.0,Low
180,0.0,1.0,16,1.0,0.0,1.0,2.0,2.0,0.0,0.0,0.0,1.0,0.0,0.0,0.0,0.0,0.0,1.0,0.0,1.0,0.0,3.0,2.0,4.0,1.0,3.0,3.0,0.0,Low
181,0.0,0.0,16,1.0,0.0,1.0,4.0,2.0,1.0,0.0,0.0,1.0,0.0,0.0,0.0,0.0,0.0,1.0,1.0,1.0,1.0,3.0,1.0,2.0,0.0,0.0,2.0,0.0,High
182,0.0,0.0,16,1.0,0.0,1.0,2.0,2.0,1.0,1.0,0.0,1.0,0.0,0.0,1.0,0.0,0.0,0.0,1.0,1.0,0.0,4.0,0.0,4.0,0.0,0.0,3.0,0.0,High
183,0.0,0.0,16,1.0,0.0,1.0,4.0,4.0,3.0,1.0,0.0,1.0,0.0,0.0,1.0,0.0,0.0,1.0,1.0,1.0,1.0,3.0,3.0,1.0,0.0,0.0,2.0,0.0,High
184,0.0,1.0,16,1.0,0.0,1.0,3.0,4.0,0.0,0.0,2.0,0.0,1.0,0.0,1.0,0.0,1.0,0.0,1.0,1.0,0.0,2.0,3.0,4.0,1.0,3.0,1.0,4.0,Low
185,0.0,1.0,16,1.0,0.0,1.0,1.0,0.0,3.0,1.0,1.0,1.0,0.0,0.0,1.0,0.0,1.0,1.0,1.0,1.0,1.0,3.0,2.0,1.0,0.0,0.0,2.0,0.0,High
186,0.0,1.0,17,1.0,1.0,1.0,4.0,4.0,3.0,1.0,0.0,1.0,0.0,0.0,1.0,0.0,1.0,1.0,1.0,1.0,0.0,3.0,3.0,3.0,0.0,2.0,4.0,0.0,Low
187,0.0,0.0,16,1.0,0.0,1.0,1.0,3.0,1.0,1.0,0.0,1.0,0.0,0.0,0.0,0.0,1.0,0.0,1.0,1.0,1.0,3.0,2.0,4.0,0.0,0.0,2.0,0.0,High
188,0.0,0.0,16,1.0,1.0,1.0,3.0,3.0,3.0,1.0,1.0,1.0,0.0,0.0,1.0,0.0,1.0,1.0,1.0,1.0,0.0,3.0,3.0,4.0,0.0,0.0,3.0,0.0,High
189,0.0,1.0,17,1.0,1.0,1.0,4.0,3.0,0.0,1.0,1.0,1.0,0.0,0.0,0.0,0.0,1.0,1.0,1.0,1.0,0.0,3.0,3.0,3.0,3.0,3.0,3.0,0.0,Low
190,0.0,0.0,16,1.0,0.0,1.0,2.0,2.0,3.0,1.0,1.0,1.0,0.0,0.0,0.0,0.0,1.0,0.0,1.0,1.0,0.0,2.0,3.0,3.0,0.0,3.0,4.0,0.0,High
191,0.0,1.0,17,1.0,0.0,1.0,3.0,3.0,3.0,0.0,0.0,1.0,0.0,0.0,0.0,0.0,1.0,0.0,1.0,1.0,0.0,3.0,2.0,3.0,0.0,3.0,3.0,4.0,Low
192,0.0,1.0,16,0.0,0.0,1.0,4.0,2.0,2.0,1.0,0.0,0.0,0.0,0.0,1.0,0.0,1.0,1.0,1.0,1.0,1.0,3.0,2.0,2.0,2.0,3.0,2.0,8.0,Low
193,0.0,1.0,17,1.0,0.0,1.0,4.0,3.0,0.0,1.0,0.0,1.0,0.0,0.0,1.0,1.0,1.0,1.0,1.0,1.0,1.0,4.0,1.0,2.0,0.0,0.0,1.0,4.0,High
194,0.0,1.0,16,1.0,0.0,1.0,4.0,3.0,1.0,1.0,0.0,1.0,0.0,0.0,1.0,1.0,1.0,1.0,1.0,1.0,0.0,2.0,3.0,2.0,1.0,2.0,2.0,4.0,Low
195,0.0,1.0,16,1.0,0.0,1.0,3.0,3.0,1.0,1.0,0.0,1.0,0.0,0.0,0.0,0.0,1.0,1.0,1.0,1.0,1.0,3.0,1.0,2.0,0.0,1.0,2.0,0.0,High
196,0.0,0.0,17,1.0,0.0,1.0,2.0,4.0,3.0,0.0,0.0,1.0,0.0,0.0,1.0,0.0,1.0,1.0,1.0,0.0,0.0,4.0,3.0,1.0,1.0,2.0,4.0,0.0,High
197,0.0,0.0,17,1.0,1.0,1.0,3.0,3.0,3.0,1.0,0.0,1.0,0.0,0.0,1.0,0.0,1.0,1.0,1.0,1.0,1.0,4.0,2.0,2.0,1.0,2.0,0.0,23.0,High
198,0.0,0.0,16,1.0,0.0,1.0,3.0,2.0,3.0,1.0,0.0,1.0,0.0,0.0,1.0,0.0,0.0,1.0,1.0,1.0,0.0,0.0,1.0,1.0,0.0,1.0,0.0,8.0,High
199,0.0,1.0,17,1.0,0.0,1.0,3.0,3.0,2.0,1.0,0.0,1.0,0.0,0.0,1.0,0.0,1.0,1.0,1.0,1.0,1.0,3.0,2.0,3.0,1.0,2.0,3.0,6.0,High
200,0.0,1.0,16,1.0,0.0,1.0,1.0,2.0,2.0,1.0,0.0,0.0,0.0,0.0,1.0,0.0,1.0,1.0,1.0,1.0,1.0,2.0,2.0,2.0,0.0,1.0,2.0,0.0,Low
201,0.0,1.0,16,1.0,1.0,1.0,2.0,1.0,0.0,1.0,0.0,1.0,0.0,0.0,0.0,0.0,1.0,1.0,1.0,1.0,1.0,3.0,1.0,2.0,0.0,1.0,4.0,0.0,High
202,0.0,0.0,17,1.0,0.0,0.0,3.0,3.0,3.0,1.0,0.0,1.0,0.0,0.0,1.0,0.0,0.0,0.0,1.0,1.0,1.0,2.0,2.0,2.0,0.0,2.0,2.0,10.0,High
203,0.0,1.0,17,0.0,0.0,1.0,1.0,2.0,1.0,1.0,0.0,1.0,0.0,0.0,0.0,0.0,0.0,1.0,1.0,0.0,0.0,2.0,0.0,2.0,0.0,4.0,2.0,6.0,Low
204,0.0,0.0,16,1.0,0.0,1.0,2.0,3.0,0.0,1.0,0.0,1.0,0.0,0.0,0.0,0.0,0.0,1.0,1.0,1.0,0.0,3.0,2.0,2.0,0.0,0.0,1.0,6.0,High
205,0.0,0.0,17,1.0,0.0,1.0,1.0,1.0,0.0,1.0,0.0,1.0,0.0,0.0,0.0,0.0,1.0,1.0,1.0,1.0,0.0,4.0,2.0,2.0,0.0,0.0,2.0,0.0,Low
206,0.0,1.0,17,1.0,0.0,1.0,1.0,2.0,2.0,2.0,1.0,1.0,0.0,0.0,0.0,0.0,1.0,0.0,1.0,1.0,0.0,3.0,3.0,3.0,3.0,4.0,4.0,16.0,Low
207,0.0,1.0,16,0.0,0.0,1.0,3.0,3.0,3.0,1.0,0.0,0.0,0.0,0.0,1.0,0.0,1.0,1.0,1.0,1.0,0.0,3.0,2.0,1.0,2.0,3.0,4.0,0.0,Low
208,0.0,1.0,16,1.0,0.0,1.0,2.0,3.0,1.0,0.0,1.0,0.0,0.0,0.0,0.0,0.0,0.0,1.0,1.0,1.0,0.0,4.0,2.0,2.0,0.0,0.0,2.0,0.0,Low
209,0.0,0.0,17,1.0,1.0,1.0,2.0,4.0,0.0,0.0,0.0,1.0,0.0,0.0,0.0,0.0,1.0,1.0,1.0,1.0,1.0,3.0,2.0,1.0,0.0,0.0,4.0,8.0,High
210,0.0,1.0,17,1.0,0.0,1.0,4.0,4.0,1.0,1.0,0.0,0.0,0.0,0.0,0.0,0.0,0.0,1.0,1.0,1.0,0.0,4.0,1.0,2.0,0.0,1.0,4.0,4.0,High
211,0.0,1.0,16,0.0,1.0,1.0,3.0,3.0,1.0,0.0,2.0,0.0,0.0,0.0,1.0,0.0,1.0,1.0,1.0,1.0,0.0,2.0,2.0,3.0,2.0,4.0,2.0,16.0,Low
212,0.0,0.0,17,1.0,0.0,1.0,4.0,4.0,1.0,1.0,1.0,0.0,1.0,0.0,1.0,0.0,0.0,1.0,1.0,1.0,0.0,3.0,1.0,3.0,1.0,2.0,1.0,22.0,High
213,0.0,0.0,16,1.0,1.0,1.0,4.0,4.0,3.0,1.0,0.0,1.0,0.0,0.0,1.0,0.0,0.0,1.0,1.0,1.0,0.0,3.0,4.0,1.0,0.0,1.0,2.0,0.0,Low
214,0.0,0.0,16,1.0,0.0,1.0,4.0,3.0,1.0,1.0,0.0,1.0,0.0,0.0,1.0,0.0,1.0,1.0,1.0,1.0,0.0,3.0,2.0,4.0,0.0,4.0,1.0,2.0,High
215,0.0,0.0,16,1.0,0.0,1.0,2.0,3.0,3.0,1.0,0.0,1.0,0.0,1.0,1.0,0.0,1.0,1.0,1.0,0.0,0.0,3.0,3.0,2.0,0.0,2.0,3.0,4.0,Low
216,0.0,0.0,17,1.0,0.0,1.0,1.0,1.0,0.0,1.0,0.0,1.0,0.0,0.0,1.0,0.0,0.0,0.0,1.0,0.0,0.0,3.0,3.0,3.0,0.0,2.0,0.0,0.0,High
217,0.0,0.0,17,0.0,0.0,1.0,2.0,2.0,3.0,1.0,0.0,0.0,0.0,0.0,1.0,0.0,0.0,1.0,1.0,1.0,0.0,4.0,2.0,1.0,0.0,1.0,2.0,18.0,High
218,0.0,0.0,16,0.0,0.0,1.0,2.0,2.0,3.0,1.0,1.0,3.0,0.0,0.0,1.0,0.0,1.0,0.0,1.0,1.0,0.0,4.0,2.0,4.0,0.0,0.0,4.0,6.0,High
219,0.0,0.0,17,1.0,0.0,1.0,3.0,4.0,1.0,1.0,0.0,2.0,1.0,0.0,1.0,1.0,0.0,1.0,1.0,1.0,1.0,3.0,3.0,2.0,2.0,3.0,4.0,14.0,Low
220,0.0,0.0,16,1.0,0.0,0.0,3.0,1.0,0.0,1.0,0.0,1.0,0.0,0.0,1.0,0.0,0.0,1.0,1.0,1.0,0.0,1.0,2.0,2.0,1.0,1.0,3.0,2.0,Low
221,0.0,0.0,16,1.0,0.0,1.0,4.0,3.0,2.0,1.0,0.0,1.0,0.0,0.0,0.0,0.0,1.0,1.0,1.0,1.0,1.0,0.0,2.0,1.0,0.0,0.0,0.0,4.0,High
222,0.0,0.0,16,1.0,0.0,1.0,1.0,1.0,1.0,1.0,1.0,0.0,0.0,0.0,1.0,0.0,0.0,1.0,1.0,0.0,0.0,3.0,2.0,1.0,0.0,3.0,4.0,2.0,High
223,0.0,0.0,17,0.0,0.0,1.0,4.0,3.0,3.0,1.0,1.0,2.0,0.0,0.0,1.0,0.0,1.0,1.0,1.0,1.0,1.0,3.0,3.0,1.0,0.0,0.0,3.0,0.0,Low
224,0.0,0.0,19,1.0,0.0,1.0,3.0,3.0,3.0,2.0,0.0,3.0,0.0,0.0,1.0,0.0,1.0,1.0,1.0,1.0,0.0,3.0,2.0,2.0,0.0,1.0,2.0,4.0,Low
225,0.0,1.0,17,1.0,1.0,1.0,4.0,4.0,1.0,1.0,0.0,1.0,0.0,0.0,1.0,0.0,0.0,1.0,1.0,1.0,1.0,4.0,2.0,4.0,3.0,4.0,2.0,15.0,Low
226,0.0,0.0,16,1.0,0.0,0.0,2.0,2.0,3.0,1.0,0.0,1.0,0.0,1.0,1.0,0.0,0.0,1.0,1.0,1.0,0.0,2.0,2.0,3.0,0.0,0.0,3.0,0.0,High
227,0.0,1.0,18,1.0,0.0,1.0,2.0,2.0,1.0,1.0,0.0,1.0,0.0,0.0,1.0,0.0,1.0,1.0,1.0,1.0,0.0,3.0,3.0,3.0,1.0,3.0,4.0,10.0,Low
228,0.0,0.0,17,0.0,1.0,1.0,4.0,4.0,2.0,1.0,0.0,0.0,0.0,0.0,1.0,0.0,0.0,1.0,1.0,0.0,0.0,4.0,1.0,0.0,0.0,1.0,2.0,6.0,Low
229,0.0,0.0,17,1.0,1.0,1.0,3.0,2.0,3.0,1.0,1.0,1.0,0.0,0.0,0.0,0.0,0.0,1.0,1.0,1.0,0.0,3.0,3.0,3.0,0.0,2.0,0.0,2.0,High
230,0.0,0.0,17,1.0,0.0,1.0,4.0,3.0,3.0,1.0,0.0,1.0,0.0,0.0,0.0,0.0,0.0,1.0,1.0,1.0,1.0,2.0,3.0,4.0,1.0,3.0,0.0,16.0,Low
231,0.0,1.0,18,1.0,1.0,1.0,3.0,3.0,1.0,0.0,0.0,1.0,0.0,0.0,1.0,0.0,0.0,1.0,1.0,1.0,0.0,2.0,1.0,3.0,1.0,3.0,3.0,10.0,Low
232,0.0,0.0,17,1.0,0.0,1.0,2.0,3.0,1.0,0.0,1.0,0.0,0.0,0.0,1.0,0.0,0.0,1.0,1.0,0.0,0.0,2.0,2.0,2.0,0.0,3.0,2.0,4.0,High
233,0.0,0.0,17,1.0,0.0,1.0,2.0,2.0,0.0,1.0,0.0,2.0,0.0,0.0,1.0,0.0,1.0,1.0,1.0,1.0,0.0,3.0,2.0,2.0,0.0,0.0,3.0,0.0,High
234,0.0,0.0,17,0.0,0.0,1.0,2.0,1.0,3.0,1.0,1.0,1.0,0.0,0.0,1.0,0.0,1.0,1.0,1.0,1.0,0.0,3.0,1.0,4.0,0.0,1.0,4.0,0.0,Low
235,0.0,0.0,17,1.0,0.0,1.0,1.0,1.0,3.0,1.0,0.0,2.0,0.0,0.0,1.0,0.0,1.0,1.0,1.0,0.0,1.0,3.0,2.0,3.0,0.0,0.0,4.0,12.0,Low
236,0.0,0.0,16,1.0,0.0,1.0,2.0,3.0,2.0,1.0,0.0,1.0,0.0,1.0,0.0,0.0,0.0,1.0,1.0,1.0,0.0,1.0,2.0,0.0,0.0,0.0,2.0,0.0,High
237,0.0,1.0,18,1.0,0.0,1.0,2.0,2.0,1.0,1.0,1.0,1.0,3.0,0.0,1.0,1.0,0.0,1.0,1.0,1.0,0.0,2.0,2.0,2.0,4.0,4.0,3.0,9.0,Low
238,0.0,0.0,16,1.0,0.0,1.0,4.0,4.0,1.0,1.0,0.0,2.0,0.0,0.0,1.0,0.0,1.0,0.0,1.0,1.0,0.0,4.0,2.0,1.0,0.0,0.0,4.0,4.0,High
239,0.0,0.0,18,0.0,0.0,1.0,3.0,1.0,3.0,1.0,0.0,1.0,0.0,0.0,0.0,0.0,1.0,1.0,1.0,1.0,1.0,4.0,2.0,2.0,0.0,0.0,3.0,4.0,Low
240,0.0,0.0,17,1.0,0.0,1.0,3.0,2.0,0.0,1.0,0.0,1.0,0.0,0.0,0.0,0.0,1.0,0.0,1.0,1.0,0.0,4.0,2.0,3.0,0.0,2.0,2.0,2.0,High
241,0.0,1.0,17,1.0,1.0,1.0,2.0,3.0,3.0,0.0,0.0,1.0,0.0,0.0,1.0,0.0,0.0,0.0,1.0,1.0,0.0,4.0,2.0,2.0,0.0,2.0,2.0,0.0,Low
242,0.0,1.0,18,1.0,1.0,1.0,2.0,1.0,0.0,1.0,3.0,1.0,0.0,1.0,1.0,0.0,1.0,1.0,1.0,1.0,1.0,3.0,2.0,1.0,3.0,4.0,2.0,2.0,Low
243,0.0,0.0,17,1.0,0.0,0.0,2.0,1.0,0.0,1.0,1.0,2.0,0.0,0.0,0.0,0.0,1.0,1.0,1.0,1.0,1.0,2.0,1.0,2.0,0.0,1.0,2.0,0.0,High
244,0.0,0.0,17,1.0,1.0,1.0,4.0,3.0,3.0,0.0,0.0,1.0,0.0,0.0,0.0,0.0,1.0,1.0,1.0,1.0,1.0,2.0,1.0,2.0,0.0,1.0,2.0,0.0,Low
245,0.0,1.0,17,0.0,0.0,1.0,2.0,2.0,0.0,0.0,1.0,1.0,0.0,0.0,1.0,0.0,1.0,1.0,1.0,1.0,0.0,3.0,4.0,1.0,0.0,0.0,0.0,0.0,High
246,0.0,1.0,17,1.0,0.0,1.0,4.0,4.0,3.0,1.0,0.0,1.0,0.0,1.0,1.0,0.0,1.0,1.0,1.0,1.0,1.0,3.0,4.0,4.0,0.0,2.0,1.0,0.0,High
247,0.0,1.0,16,1.0,0.0,1.0,4.0,4.0,3.0,0.0,0.0,1.0,0.0,0.0,1.0,0.0,1.0,1.0,1.0,1.0,0.0,3.0,1.0,3.0,1.0,3.0,0.0,0.0,High
248,0.0,1.0,16,1.0,1.0,1.0,1.0,1.0,1.0,1.0,1.0,1.0,0.0,0.0,1.0,0.0,0.0,1.0,1.0,1.0,0.0,2.0,3.0,1.0,0.0,0.0,4.0,2.0,Low
249,0.0,1.0,16,1.0,0.0,1.0,3.0,2.0,3.0,1.0,1.0,2.0,0.0,0.0,0.0,0.0,1.0,1.0,1.0,1.0,1.0,4.0,2.0,2.0,0.0,2.0,1.0,0.0,Low
250,0.0,1.0,17,1.0,1.0,1.0,2.0,2.0,1.0,0.0,0.0,1.0,0.0,0.0,0.0,0.0,1.0,0.0,1.0,1.0,1.0,3.0,3.0,1.0,4.0,4.0,3.0,0.0,High
251,0.0,0.0,16,1.0,0.0,1.0,2.0,1.0,1.0,1.0,0.0,0.0,0.0,0.0,0.0,0.0,0.0,1.0,1.0,1.0,1.0,3.0,4.0,1.0,0.0,0.0,4.0,4.0,Low
252,0.0,0.0,16,1.0,0.0,0.0,4.0,1.0,1.0,1.0,0.0,1.0,0.0,0.0,0.0,0.0,1.0,1.0,1.0,1.0,1.0,4.0,2.0,2.0,0.0,1.0,4.0,0.0,High
253,0.0,0.0,18,1.0,1.0,0.0,2.0,4.0,0.0,1.0,1.0,1.0,1.0,0.0,1.0,0.0,0.0,1.0,1.0,1.0,0.0,3.0,2.0,2.0,0.0,0.0,2.0,17.0,Low
254,0.0,0.0,18,1.0,1.0,1.0,2.0,2.0,0.0,1.0,0.0,1.0,1.0,0.0,1.0,0.0,0.0,0.0,1.0,1.0,1.0,4.0,2.0,0.0,0.0,0.0,4.0,16.0,Low
255,0.0,0.0,18,1.0,0.0,1.0,3.0,3.0,0.0,1.0,1.0,0.0,1.0,0.0,0.0,0.0,0.0,1.0,0.0,1.0,0.0,3.0,0.0,0.0,0.0,0.0,2.0,14.0,Low
256,0.0,1.0,18,1.0,0.0,1.0,2.0,2.0,0.0,2.0,0.0,0.0,1.0,0.0,1.0,0.0,1.0,0.0,0.0,1.0,1.0,3.0,3.0,2.0,1.0,1.0,0.0,21.0,Low
257,0.0,1.0,17,1.0,0.0,1.0,4.0,4.0,0.0,1.0,0.0,0.0,0.0,0.0,1.0,0.0,1.0,0.0,1.0,1.0,0.0,3.0,1.0,0.0,0.0,1.0,4.0,6.0,Low
258,0.0,0.0,17,1.0,0.0,1.0,3.0,2.0,0.0,0.0,0.0,1.0,0.0,0.0,0.0,0.0,1.0,1.0,1.0,0.0,0.0,4.0,3.0,1.0,0.0,0.0,2.0,4.0,High
259,0.0,0.0,17,1.0,1.0,1.0,1.0,1.0,0.0,1.0,0.0,2.0,0.0,0.0,1.0,0.0,1.0,1.0,1.0,1.0,1.0,3.0,2.0,1.0,0.0,1.0,3.0,10.0,Low
260,0.0,0.0,16,1.0,0.0,1.0,1.0,2.0,0.0,1.0,0.0,0.0,0.0,0.0,0.0,0.0,0.0,1.0,0.0,1.0,0.0,4.0,2.0,4.0,0.0,1.0,4.0,4.0,Low
261,0.0,0.0,17,0.0,0.0,1.0,2.0,1.0,0.0,1.0,2.0,1.0,0.0,0.0,0.0,0.0,1.0,1.0,1.0,0.0,0.0,1.0,0.0,0.0,0.0,0.0,2.0,2.0,High
262,0.0,0.0,17,0.0,1.0,0.0,1.0,4.0,0.0,2.0,3.0,0.0,1.0,0.0,1.0,0.0,0.0,1.0,1.0,1.0,0.0,4.0,4.0,3.0,0.0,0.0,4.0,14.0,Low
263,0.0,1.0,18,1.0,0.0,1.0,2.0,2.0,3.0,0.0,0.0,1.0,0.0,0.0,0.0,0.0,0.0,1.0,0.0,1.0,0.0,4.0,4.0,3.0,2.0,4.0,1.0,16.0,Low
264,0.0,0.0,17,1.0,1.0,0.0,2.0,2.0,1.0,1.0,0.0,0.0,1.0,0.0,1.0,0.0,0.0,0.0,0.0,1.0,0.0,2.0,0.0,1.0,0.0,0.0,0.0,8.0,Low
265,0.0,0.0,17,0.0,1.0,1.0,1.0,1.0,0.0,1.0,1.0,2.0,0.0,0.0,0.0,0.0,1.0,1.0,1.0,1.0,0.0,3.0,2.0,2.0,0.0,2.0,4.0,4.0,High
266,0.0,0.0,17,1.0,1.0,0.0,4.0,2.0,0.0,1.0,0.0,1.0,0.0,0.0,1.0,0.0,1.0,1.0,1.0,0.0,0.0,3.0,2.0,1.0,0.0,0.0,3.0,4.0,High
267,0.0,1.0,17,1.0,1.0,1.0,4.0,3.0,0.0,1.0,1.0,1.0,0.0,0.0,0.0,0.0,1.0,1.0,1.0,1.0,1.0,1.0,4.0,4.0,0.0,3.0,4.0,8.0,High
268,0.0,1.0,17,0.0,1.0,0.0,4.0,4.0,0.0,1.0,1.0,1.0,0.0,0.0,1.0,0.0,0.0,1.0,1.0,1.0,0.0,2.0,2.0,2.0,1.0,2.0,3.0,0.0,Low
269,0.0,1.0,16,1.0,1.0,1.0,4.0,3.0,0.0,1.0,0.0,0.0,0.0,0.0,0.0,0.0,1.0,0.0,1.0,1.0,0.0,4.0,3.0,4.0,0.0,0.0,2.0,7.0,High
270,0.0,1.0,16,1.0,0.0,1.0,4.0,4.0,0.0,1.0,0.0,0.0,0.0,0.0,0.0,1.0,1.0,1.0,1.0,1.0,0.0,4.0,2.0,1.0,0.0,1.0,4.0,4.0,High
271,0.0,0.0,17,1.0,0.0,1.0,4.0,4.0,0.0,1.0,0.0,1.0,0.0,0.0,1.0,1.0,0.0,1.0,1.0,1.0,1.0,4.0,2.0,0.0,0.0,3.0,4.0,2.0,Low
272,0.0,1.0,17,0.0,0.0,1.0,1.0,1.0,1.0,0.0,1.0,2.0,0.0,0.0,0.0,0.0,0.0,0.0,1.0,1.0,1.0,3.0,2.0,2.0,0.0,0.0,0.0,2.0,High
273,0.0,0.0,17,1.0,0.0,1.0,3.0,3.0,1.0,1.0,1.0,2.0,0.0,0.0,1.0,0.0,0.0,1.0,1.0,1.0,1.0,3.0,1.0,1.0,1.0,2.0,4.0,10.0,Low
274,0.0,0.0,17,1.0,0.0,1.0,1.0,1.0,0.0,1.0,0.0,1.0,0.0,1.0,0.0,0.0,0.0,0.0,1.0,0.0,1.0,3.0,2.0,1.0,0.0,0.0,3.0,10.0,Low
275,0.0,0.0,18,1.0,0.0,1.0,2.0,1.0,0.0,2.0,1.0,2.0,0.0,0.0,1.0,0.0,0.0,0.0,1.0,1.0,1.0,3.0,3.0,3.0,0.0,0.0,2.0,10.0,Low
276,0.0,1.0,16,1.0,0.0,1.0,2.0,1.0,0.0,1.0,2.0,0.0,0.0,0.0,0.0,0.0,0.0,1.0,1.0,1.0,0.0,3.0,2.0,2.0,0.0,0.0,3.0,7.0,High
277,0.0,0.0,17,1.0,0.0,1.0,1.0,1.0,0.0,0.0,0.0,1.0,0.0,0.0,1.0,0.0,0.0,1.0,1.0,0.0,0.0,3.0,2.0,3.0,0.0,1.0,4.0,4.0,Low
278,0.0,1.0,17,1.0,0.0,1.0,2.0,3.0,0.0,0.0,1.0,0.0,0.0,0.0,0.0,0.0,0.0,1.0,1.0,1.0,0.0,4.0,1.0,1.0,0.0,0.0,1.0,2.0,High
279,0.0,1.0,22,1.0,0.0,1.0,3.0,1.0,2.0,1.0,0.0,0.0,3.0,0.0,0.0,0.0,0.0,0.0,0.0,1.0,1.0,4.0,3.0,4.0,4.0,4.0,0.0,12.0,Low
280,0.0,1.0,18,0.0,1.0,1.0,3.0,3.0,0.0,1.0,0.0,1.0,0.0,0.0,1.0,0.0,0.0,1.0,1.0,1.0,1.0,3.0,2.0,2.0,0.0,2.0,4.0,8.0,Low
281,0.0,1.0,16,1.0,0.0,1.0,0.0,2.0,2.0,1.0,0.0,0.0,0.0,0.0,0.0,0.0,0.0,0.0,1.0,1.0,0.0,3.0,2.0,1.0,1.0,3.0,4.0,0.0,Low
282,0.0,1.0,18,1.0,0.0,1.0,3.0,2.0,0.0,1.0,1.0,0.0,0.0,0.0,0.0,0.0,0.0,1.0,0.0,1.0,0.0,3.0,3.0,4.0,1.0,3.0,4.0,8.0,Low
283,0.0,1.0,16,1.0,0.0,1.0,3.0,3.0,3.0,2.0,2.0,1.0,1.0,1.0,1.0,0.0,0.0,0.0,1.0,1.0,0.0,4.0,2.0,2.0,0.0,2.0,1.0,4.0,Low
284,0.0,1.0,18,1.0,0.0,1.0,2.0,1.0,2.0,1.0,0.0,0.0,2.0,0.0,0.0,0.0,0.0,0.0,0.0,1.0,0.0,2.0,1.0,4.0,1.0,4.0,4.0,4.0,Low
285,0.0,1.0,16,0.0,0.0,1.0,2.0,1.0,0.0,1.0,1.0,0.0,0.0,0.0,0.0,0.0,1.0,0.0,1.0,0.0,0.0,2.0,2.0,1.0,0.0,2.0,2.0,2.0,Low
286,0.0,1.0,17,0.0,0.0,1.0,2.0,1.0,0.0,1.0,0.0,0.0,0.0,0.0,0.0,0.0,0.0,0.0,1.0,1.0,0.0,3.0,3.0,1.0,1.0,3.0,4.0,0.0,High
287,0.0,1.0,17,1.0,1.0,1.0,1.0,1.0,0.0,1.0,1.0,0.0,1.0,0.0,1.0,0.0,1.0,1.0,1.0,1.0,0.0,3.0,3.0,3.0,0.0,1.0,4.0,0.0,Low
288,0.0,0.0,18,1.0,1.0,0.0,2.0,1.0,0.0,1.0,0.0,1.0,0.0,0.0,1.0,0.0,0.0,0.0,1.0,1.0,1.0,3.0,2.0,3.0,0.0,2.0,4.0,2.0,High
289,0.0,0.0,17,1.0,1.0,1.0,4.0,2.0,3.0,1.0,0.0,3.0,0.0,0.0,1.0,0.0,1.0,1.0,1.0,1.0,0.0,3.0,1.0,2.0,0.0,0.0,3.0,2.0,High
290,0.0,0.0,19,1.0,0.0,1.0,2.0,2.0,1.0,1.0,0.0,1.0,0.0,0.0,1.0,0.0,0.0,1.0,1.0,1.0,0.0,3.0,2.0,2.0,0.0,0.0,4.0,0.0,Low
291,0.0,1.0,18,1.0,1.0,1.0,2.0,1.0,0.0,1.0,2.0,1.0,1.0,0.0,0.0,0.0,1.0,0.0,0.0,1.0,0.0,3.0,3.0,4.0,3.0,3.0,4.0,4.0,Low
292,0.0,0.0,17,0.0,0.0,1.0,4.0,2.0,0.0,1.0,0.0,2.0,0.0,0.0,1.0,0.0,1.0,1.0,1.0,1.0,0.0,3.0,2.0,3.0,0.0,2.0,4.0,2.0,High
293,0.0,0.0,18,1.0,1.0,1.0,1.0,1.0,1.0,1.0,0.0,2.0,0.0,0.0,1.0,0.0,0.0,0.0,1.0,0.0,0.0,3.0,3.0,2.0,1.0,2.0,2.0,4.0,High
294,0.0,0.0,18,0.0,0.0,1.0,2.0,2.0,1.0,1.0,0.0,1.0,0.0,1.0,0.0,0.0,0.0,1.0,1.0,0.0,0.0,2.0,1.0,2.0,0.0,0.0,4.0,4.0,High
295,0.0,1.0,19,1.0,1.0,0.0,4.0,3.0,3.0,1.0,0.0,1.0,0.0,0.0,1.0,0.0,0.0,1.0,1.0,1.0,0.0,3.0,2.0,0.0,0.0,0.0,0.0,4.0,High
296,0.0,1.0,18,1.0,0.0,1.0,2.0,1.0,1.0,1.0,0.0,1.0,0.0,0.0,0.0,0.0,1.0,1.0,1.0,1.0,0.0,4.0,1.0,3.0,0.0,1.0,3.0,2.0,High
297,0.0,1.0,17,0.0,0.0,1.0,2.0,2.0,2.0,1.0,1.0,0.0,0.0,0.0,0.0,0.0,0.0,0.0,0.0,0.0,0.0,4.0,1.0,1.0,0.0,0.0,3.0,0.0,Low
298,0.0,0.0,17,1.0,1.0,1.0,2.0,2.0,0.0,0.0,0.0,3.0,0.0,0.0,0.0,0.0,1.0,1.0,1.0,1.0,1.0,2.0,3.0,0.0,0.0,0.0,1.0,2.0,Low
299,0.0,0.0,20,0.0,0.0,1.0,2.0,1.0,0.0,2.0,1.0,1.0,0.0,0.0,1.0,1.0,1.0,1.0,0.0,1.0,1.0,0.0,1.0,2.0,0.0,1.0,1.0,8.0,Low
300,0.0,0.0,18,1.0,0.0,1.0,4.0,3.0,1.0,0.0,0.0,1.0,0.0,0.0,1.0,0.0,0.0,1.0,1.0,1.0,1.0,2.0,0.0,1.0,0.0,2.0,1.0,2.0,High
301,0.0,1.0,18,1.0,0.0,1.0,4.0,3.0,0.0,1.0,0.0,1.0,0.0,0.0,1.0,0.0,0.0,0.0,1.0,1.0,0.0,3.0,2.0,1.0,0.0,0.0,2.0,2.0,Low
302,0.0,1.0,18,0.0,0.0,1.0,3.0,2.0,0.0,1.0,0.0,2.0,0.0,0.0,0.0,0.0,1.0,0.0,1.0,0.0,0.0,4.0,2.0,1.0,0.0,0.0,2.0,2.0,Low
303,0.0,0.0,17,1.0,0.0,1.0,3.0,3.0,1.0,1.0,0.0,2.0,0.0,0.0,0.0,0.0,1.0,0.0,1.0,0.0,0.0,2.0,1.0,2.0,0.0,0.0,3.0,2.0,High
304,0.0,0.0,18,1.0,0.0,1.0,2.0,2.0,1.0,1.0,0.0,2.0,0.0,0.0,1.0,0.0,1.0,1.0,1.0,1.0,1.0,3.0,2.0,2.0,0.0,0.0,2.0,0.0,High
305,0.0,1.0,17,1.0,0.0,1.0,2.0,2.0,1.0,0.0,1.0,0.0,0.0,0.0,0.0,0.0,0.0,1.0,0.0,1.0,0.0,3.0,3.0,3.0,1.0,2.0,3.0,8.0,Low
306,0.0,1.0,18,0.0,1.0,0.0,3.0,4.0,3.0,1.0,1.0,1.0,0.0,0.0,1.0,0.0,1.0,1.0,1.0,1.0,0.0,3.0,1.0,4.0,2.0,3.0,0.0,6.0,High
307,0.0,1.0,17,1.0,0.0,1.0,3.0,1.0,2.0,1.0,0.0,1.0,0.0,0.0,0.0,0.0,1.0,1.0,1.0,1.0,1.0,4.0,3.0,3.0,2.0,3.0,4.0,0.0,High
308,0.0,0.0,18,0.0,0.0,1.0,4.0,4.0,3.0,1.0,1.0,1.0,0.0,0.0,0.0,0.0,1.0,1.0,1.0,1.0,0.0,3.0,2.0,3.0,1.0,1.0,3.0,8.0,Low
309,0.0,1.0,18,1.0,0.0,1.0,4.0,2.0,3.0,0.0,0.0,1.0,0.0,0.0,1.0,0.0,1.0,1.0,1.0,1.0,1.0,4.0,3.0,4.0,0.0,2.0,4.0,4.0,High
310,0.0,0.0,18,0.0,0.0,1.0,2.0,1.0,3.0,1.0,1.0,1.0,0.0,0.0,1.0,0.0,0.0,1.0,0.0,1.0,1.0,3.0,2.0,4.0,0.0,1.0,2.0,12.0,Low
311,0.0,0.0,19,1.0,0.0,1.0,3.0,3.0,1.0,2.0,0.0,1.0,0.0,0.0,1.0,0.0,1.0,1.0,1.0,1.0,0.0,3.0,2.0,4.0,2.0,2.0,4.0,16.0,Low
312,0.0,0.0,18,1.0,0.0,1.0,2.0,3.0,3.0,0.0,0.0,3.0,0.0,0.0,1.0,0.0,1.0,1.0,1.0,1.0,1.0,3.0,4.0,4.0,0.0,2.0,1.0,10.0,High
313,0.0,0.0,18,1.0,1.0,1.0,1.0,1.0,1.0,1.0,1.0,1.0,0.0,0.0,1.0,0.0,0.0,0.0,1.0,0.0,0.0,3.0,3.0,2.0,0.0,0.0,2.0,2.0,High
314,0.0,1.0,17,0.0,0.0,1.0,1.0,2.0,1.0,1.0,0.0,1.0,0.0,0.0,1.0,0.0,1.0,0.0,1.0,0.0,1.0,2.0,4.0,1.0,1.0,1.0,0.0,2.0,High
315,0.0,0.0,18,1.0,0.0,1.0,2.0,1.0,1.0,1.0,0.0,1.0,0.0,0.0,1.0,0.0,0.0,1.0,1.0,1.0,1.0,3.0,1.0,4.0,0.0,1.0,0.0,8.0,High
316,0.0,0.0,17,1.0,0.0,1.0,2.0,4.0,3.0,1.0,1.0,1.0,0.0,0.0,1.0,0.0,0.0,1.0,1.0,1.0,1.0,3.0,2.0,2.0,0.0,0.0,0.0,6.0,High
317,0.0,0.0,17,1.0,1.0,1.0,2.0,2.0,0.0,1.0,1.0,1.0,0.0,1.0,1.0,0.0,0.0,1.0,1.0,1.0,1.0,3.0,3.0,3.0,1.0,2.0,4.0,6.0,Low
318,0.0,0.0,18,0.0,0.0,0.0,3.0,2.0,1.0,1.0,1.0,1.0,0.0,0.0,0.0,0.0,0.0,0.0,0.0,1.0,1.0,3.0,0.0,0.0,0.0,0.0,4.0,15.0,Low
319,0.0,1.0,18,1.0,0.0,1.0,4.0,4.0,1.0,1.0,1.0,0.0,0.0,0.0,0.0,0.0,1.0,1.0,1.0,1.0,0.0,2.0,1.0,3.0,0.0,3.0,2.0,6.0,Low
320,0.0,0.0,18,1.0,0.0,1.0,4.0,4.0,3.0,0.0,0.0,1.0,1.0,1.0,1.0,0.0,1.0,1.0,1.0,1.0,1.0,1.0,3.0,3.0,0.0,0.0,3.0,2.0,High
321,0.0,0.0,17,1.0,0.0,1.0,2.0,2.0,3.0,0.0,2.0,2.0,0.0,0.0,1.0,0.0,0.0,1.0,1.0,1.0,1.0,3.0,1.0,2.0,0.0,0.0,0.0,8.0,High
322,0.0,0.0,19,0.0,0.0,1.0,3.0,2.0,3.0,0.0,0.0,1.0,1.0,1.0,1.0,0.0,0.0,1.0,0.0,1.0,0.0,2.0,2.0,2.0,3.0,2.0,2.0,0.0,Low
323,0.0,1.0,18,1.0,1.0,1.0,4.0,3.0,0.0,1.0,1.0,0.0,0.0,0.0,0.0,0.0,1.0,1.0,1.0,1.0,0.0,3.0,1.0,2.0,0.0,1.0,0.0,0.0,Low
324,0.0,1.0,18,1.0,0.0,1.0,1.0,2.0,1.0,2.0,1.0,0.0,0.0,0.0,0.0,0.0,0.0,0.0,0.0,1.0,0.0,2.0,3.0,3.0,1.0,3.0,3.0,10.0,Low
325,0.0,1.0,17,1.0,1.0,0.0,4.0,1.0,1.0,1.0,1.0,0.0,0.0,0.0,0.0,0.0,1.0,1.0,1.0,1.0,1.0,3.0,4.0,3.0,1.0,3.0,4.0,19.0,Low
326,0.0,1.0,17,1.0,1.0,0.0,3.0,2.0,1.0,1.0,0.0,0.0,0.0,0.0,0.0,0.0,0.0,1.0,1.0,1.0,0.0,3.0,3.0,3.0,2.0,3.0,2.0,17.0,High
327,0.0,0.0,18,0.0,1.0,1.0,1.0,1.0,3.0,1.0,1.0,3.0,0.0,0.0,1.0,0.0,1.0,1.0,1.0,0.0,0.0,4.0,1.0,1.0,0.0,0.0,2.0,2.0,High
328,0.0,0.0,18,1.0,0.0,1.0,1.0,1.0,1.0,1.0,1.0,1.0,0.0,1.0,0.0,0.0,1.0,1.0,1.0,1.0,0.0,4.0,3.0,3.0,0.0,0.0,3.0,0.0,High
329,0.0,0.0,17,1.0,0.0,1.0,2.0,2.0,0.0,1.0,0.0,1.0,0.0,0.0,1.0,0.0,0.0,0.0,1.0,1.0,0.0,4.0,3.0,4.0,0.0,1.0,4.0,12.0,High
330,0.0,0.0,18,1.0,0.0,1.0,2.0,1.0,3.0,1.0,1.0,1.0,0.0,0.0,0.0,0.0,1.0,1.0,1.0,1.0,1.0,3.0,2.0,0.0,0.0,0.0,4.0,10.0,High
331,0.0,1.0,17,1.0,0.0,1.0,1.0,1.0,3.0,0.0,0.0,1.0,0.0,0.0,0.0,0.0,0.0,0.0,1.0,1.0,0.0,3.0,2.0,2.0,0.0,1.0,3.0,0.0,Low
332,0.0,0.0,18,1.0,0.0,1.0,2.0,2.0,2.0,1.0,0.0,2.0,0.0,0.0,1.0,0.0,0.0,1.0,1.0,1.0,0.0,3.0,2.0,2.0,0.0,1.0,1.0,0.0,High
333,0.0,0.0,17,1.0,0.0,1.0,1.0,1.0,3.0,1.0,0.0,2.0,0.0,0.0,1.0,0.0,0.0,1.0,1.0,1.0,0.0,3.0,2.0,2.0,0.0,0.0,2.0,0.0,High
334,0.0,1.0,18,1.0,0.0,1.0,2.0,1.0,3.0,1.0,0.0,2.0,0.0,0.0,0.0,0.0,1.0,1.0,1.0,1.0,0.0,3.0,1.0,3.0,0.0,2.0,1.0,0.0,High
335,0.0,1.0,18,1.0,1.0,0.0,4.0,4.0,3.0,1.0,0.0,1.0,0.0,0.0,1.0,0.0,1.0,1.0,1.0,1.0,0.0,4.0,3.0,2.0,0.0,0.0,1.0,0.0,High
336,0.0,1.0,18,1.0,0.0,1.0,4.0,2.0,1.0,1.0,0.0,1.0,0.0,0.0,1.0,0.0,1.0,1.0,1.0,1.0,1.0,3.0,2.0,1.0,0.0,3.0,4.0,2.0,High
337,0.0,0.0,17,1.0,0.0,1.0,4.0,3.0,3.0,1.0,0.0,2.0,0.0,0.0,1.0,0.0,0.0,1.0,1.0,1.0,0.0,3.0,1.0,1.0,0.0,1.0,2.0,0.0,High
338,0.0,0.0,17,0.0,1.0,1.0,3.0,1.0,3.0,1.0,1.0,3.0,0.0,0.0,1.0,0.0,0.0,1.0,1.0,0.0,0.0,2.0,0.0,1.0,0.0,0.0,2.0,0.0,High
339,0.0,1.0,18,0.0,1.0,1.0,3.0,2.0,3.0,1.0,1.0,2.0,0.0,0.0,1.0,0.0,1.0,1.0,1.0,1.0,0.0,4.0,3.0,1.0,0.0,0.0,3.0,0.0,High
340,0.0,1.0,17,1.0,0.0,1.0,3.0,3.0,1.0,1.0,0.0,0.0,0.0,0.0,1.0,0.0,0.0,1.0,1.0,1.0,0.0,3.0,3.0,2.0,0.0,2.0,4.0,0.0,High
341,0.0,0.0,19,1.0,0.0,1.0,4.0,4.0,3.0,2.0,1.0,1.0,0.0,0.0,1.0,0.0,1.0,1.0,1.0,1.0,0.0,1.0,2.0,3.0,1.0,2.0,1.0,2.0,High
342,0.0,0.0,18,1.0,1.0,1.0,4.0,3.0,1.0,2.0,1.0,1.0,0.0,0.0,1.0,0.0,0.0,1.0,1.0,1.0,1.0,3.0,3.0,4.0,0.0,1.0,1.0,0.0,High
343,0.0,0.0,18,1.0,0.0,1.0,4.0,3.0,3.0,0.0,0.0,3.0,0.0,0.0,1.0,0.0,0.0,1.0,1.0,1.0,0.0,3.0,2.0,2.0,0.0,0.0,2.0,0.0,High
344,0.0,1.0,18,1.0,1.0,1.0,4.0,4.0,1.0,1.0,0.0,0.0,0.0,0.0,1.0,0.0,0.0,1.0,1.0,1.0,1.0,0.0,3.0,1.0,1.0,1.0,0.0,0.0,High
345,0.0,0.0,18,1.0,1.0,0.0,4.0,4.0,1.0,1.0,0.0,1.0,0.0,0.0,1.0,1.0,0.0,1.0,1.0,1.0,1.0,3.0,1.0,3.0,0.0,0.0,3.0,0.0,High
346,0.0,1.0,17,1.0,1.0,1.0,4.0,4.0,1.0,0.0,1.0,0.0,0.0,0.0,0.0,0.0,0.0,1.0,1.0,1.0,0.0,3.0,0.0,0.0,1.0,1.0,4.0,0.0,High
347,0.0,0.0,17,0.0,0.0,1.0,4.0,4.0,3.0,1.0,1.0,2.0,0.0,0.0,1.0,0.0,1.0,1.0,1.0,1.0,0.0,4.0,2.0,3.0,0.0,0.0,4.0,0.0,Low
348,0.0,0.0,17,1.0,0.0,1.0,4.0,2.0,3.0,1.0,1.0,2.0,0.0,0.0,1.0,0.0,0.0,1.0,1.0,1.0,0.0,3.0,2.0,2.0,0.0,0.0,2.0,0.0,High
349,0.0,0.0,17,1.0,0.0,1.0,3.0,2.0,3.0,0.0,0.0,3.0,0.0,0.0,1.0,0.0,1.0,0.0,1.0,1.0,0.0,4.0,1.0,1.0,0.0,1.0,4.0,0.0,High
350,0.0,1.0,19,0.0,1.0,1.0,2.0,1.0,0.0,1.0,1.0,2.0,1.0,0.0,0.0,0.0,1.0,1.0,1.0,1.0,1.0,3.0,2.0,0.0,0.0,0.0,4.0,0.0,Low
351,0.0,1.0,20,1.0,0.0,0.0,3.0,2.0,0.0,2.0,0.0,0.0,2.0,0.0,0.0,0.0,1.0,1.0,1.0,0.0,0.0,4.0,4.0,2.0,0.0,0.0,4.0,0.0,High
352,0.0,1.0,19,0.0,0.0,1.0,3.0,3.0,3.0,0.0,0.0,1.0,0.0,0.0,0.0,0.0,1.0,1.0,1.0,0.0,1.0,3.0,4.0,2.0,0.0,1.0,4.0,0.0,Low
353,0.0,0.0,18,1.0,0.0,1.0,1.0,4.0,1.0,1.0,0.0,1.0,0.0,1.0,1.0,0.0,0.0,0.0,1.0,0.0,1.0,2.0,3.0,3.0,0.0,1.0,4.0,2.0,Low
354,0.0,0.0,18,1.0,0.0,1.0,2.0,1.0,0.0,1.0,1.0,1.0,0.0,0.0,1.0,0.0,1.0,1.0,1.0,1.0,0.0,4.0,2.0,2.0,0.0,1.0,0.0,2.0,High
355,0.0,0.0,17,1.0,0.0,1.0,2.0,3.0,0.0,0.0,1.0,1.0,0.0,0.0,0.0,0.0,1.0,1.0,1.0,1.0,1.0,3.0,1.0,0.0,0.0,0.0,2.0,2.0,High
356,0.0,0.0,17,0.0,0.0,1.0,4.0,4.0,0.0,1.0,0.0,0.0,0.0,0.0,0.0,0.0,1.0,1.0,1.0,1.0,0.0,3.0,3.0,3.0,0.0,0.0,4.0,2.0,High
357,0.0,0.0,18,1.0,0.0,1.0,4.0,3.0,0.0,1.0,0.0,2.0,0.0,0.0,1.0,0.0,1.0,1.0,1.0,1.0,1.0,3.0,2.0,3.0,0.0,0.0,4.0,2.0,High
358,0.0,0.0,18,1.0,1.0,1.0,4.0,3.0,0.0,1.0,1.0,0.0,0.0,0.0,1.0,0.0,0.0,1.0,1.0,1.0,0.0,2.0,1.0,3.0,0.0,3.0,0.0,8.0,High
359,0.0,0.0,17,0.0,0.0,1.0,3.0,4.0,0.0,0.0,0.0,2.0,0.0,0.0,1.0,0.0,1.0,0.0,1.0,1.0,0.0,3.0,2.0,3.0,1.0,4.0,4.0,2.0,High
360,0.0,0.0,18,1.0,0.0,1.0,3.0,3.0,0.0,0.0,0.0,1.0,0.0,0.0,1.0,0.0,0.0,1.0,1.0,1.0,0.0,3.0,0.0,3.0,0.0,0.0,2.0,8.0,High
361,0.0,1.0,19,1.0,0.0,1.0,4.0,2.0,0.0,1.0,1.0,1.0,0.0,0.0,1.0,0.0,1.0,1.0,1.0,1.0,1.0,4.0,3.0,3.0,0.0,0.0,0.0,9.0,Low
362,0.0,0.0,18,1.0,0.0,1.0,4.0,4.0,0.0,1.0,0.0,1.0,0.0,0.0,1.0,0.0,0.0,1.0,1.0,1.0,0.0,3.0,3.0,3.0,2.0,2.0,4.0,0.0,High
363,0.0,0.0,18,1.0,0.0,1.0,3.0,4.0,0.0,1.0,0.0,0.0,0.0,0.0,1.0,0.0,1.0,1.0,1.0,1.0,1.0,4.0,3.0,3.0,0.0,0.0,0.0,4.0,High
364,0.0,0.0,17,1.0,0.0,1.0,4.0,4.0,0.0,1.0,0.0,0.0,0.0,0.0,0.0,0.0,1.0,1.0,1.0,1.0,0.0,4.0,2.0,3.0,0.0,1.0,4.0,2.0,High
365,0.0,0.0,17,1.0,0.0,0.0,4.0,3.0,0.0,1.0,0.0,1.0,0.0,0.0,1.0,0.0,0.0,1.0,1.0,1.0,1.0,4.0,1.0,1.0,0.0,1.0,4.0,14.0,High
366,0.0,0.0,17,1.0,1.0,0.0,3.0,3.0,1.0,1.0,0.0,1.0,0.0,1.0,1.0,0.0,0.0,1.0,1.0,1.0,0.0,4.0,2.0,2.0,0.0,0.0,4.0,0.0,High
367,0.0,0.0,17,1.0,1.0,1.0,2.0,1.0,1.0,0.0,0.0,1.0,0.0,0.0,0.0,0.0,1.0,1.0,1.0,1.0,0.0,3.0,1.0,2.0,1.0,1.0,1.0,2.0,High
368,0.0,1.0,18,1.0,1.0,1.0,4.0,4.0,3.0,0.0,0.0,0.0,0.0,0.0,1.0,0.0,0.0,1.0,1.0,1.0,0.0,3.0,1.0,4.0,2.0,3.0,4.0,2.0,Low
369,0.0,0.0,19,1.0,0.0,1.0,1.0,1.0,0.0,2.0,2.0,2.0,0.0,0.0,0.0,0.0,1.0,1.0,0.0,0.0,1.0,0.0,4.0,4.0,3.0,2.0,4.0,12.0,Low
370,0.0,0.0,19,1.0,1.0,0.0,1.0,1.0,0.0,2.0,2.0,1.0,2.0,0.0,1.0,0.0,0.0,0.0,1.0,1.0,1.0,4.0,2.0,3.0,0.0,0.0,3.0,2.0,Low
371,0.0,0.0,18,1.0,0.0,1.0,2.0,2.0,0.0,1.0,0.0,0.0,0.0,0.0,1.0,0.0,1.0,1.0,1.0,1.0,1.0,3.0,2.0,4.0,1.0,3.0,4.0,2.0,Low
372,0.0,0.0,17,1.0,0.0,1.0,2.0,2.0,0.0,1.0,0.0,1.0,0.0,0.0,1.0,0.0,0.0,1.0,1.0,0.0,1.0,3.0,1.0,1.0,0.0,0.0,2.0,4.0,High
373,0.0,0.0,17,0.0,1.0,1.0,2.0,2.0,0.0,1.0,0.0,2.0,0.0,0.0,1.0,0.0,1.0,1.0,1.0,1.0,0.0,2.0,2.0,1.0,1.0,1.0,2.0,0.0,Low
374,0.0,0.0,17,1.0,0.0,1.0,3.0,1.0,0.0,0.0,0.0,2.0,0.0,0.0,1.0,0.0,0.0,0.0,1.0,1.0,0.0,2.0,3.0,2.0,1.0,2.0,4.0,0.0,High
375,0.0,0.0,17,1.0,1.0,1.0,0.0,2.0,1.0,0.0,1.0,2.0,0.0,0.0,0.0,0.0,0.0,1.0,1.0,1.0,0.0,2.0,2.0,2.0,1.0,2.0,1.0,0.0,High
376,0.0,0.0,18,1.0,0.0,1.0,1.0,1.0,1.0,1.0,1.0,2.0,0.0,0.0,0.0,0.0,1.0,1.0,1.0,1.0,0.0,3.0,4.0,4.0,0.0,1.0,1.0,0.0,High
377,0.0,1.0,18,1.0,0.0,1.0,4.0,4.0,0.0,1.0,0.0,2.0,0.0,0.0,0.0,0.0,1.0,1.0,1.0,1.0,0.0,3.0,2.0,2.0,1.0,1.0,2.0,0.0,High
378,0.0,1.0,17,1.0,0.0,1.0,3.0,3.0,3.0,1.0,0.0,0.0,0.0,0.0,0.0,0.0,1.0,0.0,1.0,1.0,0.0,3.0,2.0,4.0,2.0,4.0,4.0,0.0,High
379,0.0,1.0,17,0.0,0.0,1.0,2.0,2.0,0.0,1.0,3.0,0.0,0.0,0.0,1.0,0.0,0.0,1.0,1.0,1.0,0.0,3.0,3.0,4.0,4.0,4.0,3.0,2.0,Low
380,0.0,0.0,17,1.0,0.0,1.0,4.0,4.0,0.0,1.0,0.0,2.0,0.0,0.0,1.0,0.0,1.0,1.0,1.0,1.0,0.0,4.0,3.0,3.0,0.0,2.0,3.0,0.0,High
381,0.0,0.0,17,1.0,0.0,1.0,4.0,4.0,0.0,1.0,1.0,2.0,0.0,0.0,1.0,0.0,0.0,0.0,1.0,1.0,1.0,3.0,2.0,2.0,0.0,1.0,3.0,4.0,High
382,0.0,0.0,17,1.0,0.0,1.0,3.0,3.0,0.0,1.0,0.0,0.0,0.0,0.0,1.0,1.0,1.0,1.0,1.0,1.0,0.0,3.0,1.0,4.0,1.0,4.0,4.0,2.0,Low
383,0.0,1.0,18,1.0,1.0,1.0,2.0,2.0,0.0,1.0,0.0,3.0,0.0,0.0,1.0,1.0,1.0,1.0,1.0,1.0,0.0,3.0,4.0,4.0,1.0,3.0,4.0,0.0,Low
384,0.0,1.0,19,0.0,0.0,1.0,3.0,2.0,1.0,2.0,0.0,0.0,0.0,0.0,1.0,0.0,0.0,0.0,1.0,0.0,1.0,4.0,2.0,3.0,1.0,1.0,4.0,0.0,Low
385,0.0,0.0,18,1.0,0.0,1.0,2.0,2.0,0.0,1.0,3.0,1.0,0.0,0.0,0.0,0.0,1.0,1.0,1.0,0.0,1.0,3.0,1.0,4.0,0.0,0.0,1.0,2.0,Low
386,0.0,0.0,17,0.0,0.0,1.0,2.0,4.0,0.0,0.0,0.0,2.0,0.0,0.0,1.0,0.0,0.0,1.0,1.0,1.0,1.0,3.0,3.0,2.0,0.0,0.0,4.0,0.0,High
387,0.0,1.0,18,1.0,0.0,1.0,2.0,2.0,3.0,1.0,0.0,0.0,0.0,0.0,0.0,0.0,0.0,0.0,1.0,1.0,0.0,4.0,3.0,1.0,0.0,1.0,4.0,6.0,High
388,0.0,0.0,18,1.0,0.0,1.0,3.0,3.0,1.0,1.0,0.0,1.0,0.0,0.0,0.0,0.0,1.0,1.0,1.0,1.0,0.0,4.0,2.0,3.0,0.0,0.0,3.0,8.0,Low
389,0.0,0.0,18,1.0,1.0,1.0,2.0,2.0,1.0,2.0,0.0,1.0,0.0,0.0,0.0,0.0,1.0,0.0,1.0,1.0,1.0,3.0,2.0,2.0,0.0,0.0,1.0,0.0,Low
390,0.0,0.0,18,0.0,0.0,1.0,2.0,2.0,0.0,1.0,1.0,3.0,0.0,0.0,0.0,0.0,1.0,1.0,1.0,0.0,0.0,3.0,3.0,3.0,0.0,0.0,3.0,6.0,High
391,0.0,0.0,17,1.0,0.0,1.0,3.0,4.0,0.0,1.0,0.0,2.0,0.0,0.0,0.0,0.0,0.0,1.0,1.0,1.0,0.0,3.0,3.0,4.0,0.0,2.0,4.0,8.0,High
392,0.0,0.0,17,1.0,0.0,1.0,3.0,2.0,1.0,1.0,0.0,1.0,0.0,0.0,1.0,0.0,0.0,1.0,1.0,1.0,1.0,3.0,2.0,1.0,1.0,2.0,1.0,0.0,High
393,0.0,0.0,18,1.0,1.0,1.0,3.0,3.0,1.0,1.0,0.0,3.0,0.0,0.0,1.0,0.0,0.0,1.0,1.0,1.0,0.0,4.0,2.0,2.0,0.0,0.0,0.0,4.0,High
394,0.0,0.0,17,0.0,0.0,0.0,3.0,2.0,1.0,1.0,0.0,1.0,0.0,0.0,1.0,0.0,0.0,1.0,1.0,1.0,0.0,3.0,2.0,2.0,1.0,2.0,1.0,0.0,High
395,0.0,1.0,18,1.0,0.0,1.0,4.0,4.0,1.0,0.0,0.0,1.0,0.0,0.0,1.0,0.0,1.0,1.0,1.0,1.0,0.0,3.0,2.0,2.0,1.0,1.0,1.0,0.0,High
396,0.0,1.0,18,1.0,1.0,1.0,3.0,4.0,1.0,1.0,0.0,1.0,0.0,0.0,0.0,0.0,1.0,1.0,1.0,1.0,1.0,3.0,2.0,2.0,0.0,2.0,4.0,6.0,High
397,0.0,0.0,17,1.0,0.0,0.0,2.0,2.0,1.0,0.0,0.0,1.0,0.0,0.0,1.0,0.0,0.0,1.0,1.0,1.0,1.0,2.0,2.0,0.0,0.0,1.0,3.0,17.0,High
398,0.0,0.0,18,1.0,0.0,1.0,2.0,3.0,0.0,1.0,0.0,2.0,0.0,0.0,1.0,0.0,0.0,1.0,1.0,1.0,0.0,3.0,2.0,2.0,0.0,1.0,2.0,0.0,High
399,0.0,0.0,18,1.0,0.0,1.0,3.0,2.0,2.0,1.0,0.0,2.0,0.0,0.0,0.0,0.0,0.0,1.0,1.0,1.0,1.0,4.0,3.0,2.0,1.0,2.0,0.0,4.0,High
400,0.0,1.0,18,0.0,0.0,1.0,4.0,3.0,0.0,1.0,0.0,2.0,0.0,0.0,0.0,0.0,0.0,1.0,1.0,1.0,1.0,4.0,2.0,1.0,0.0,1.0,3.0,4.0,High
401,0.0,1.0,18,1.0,0.0,1.0,4.0,3.0,0.0,1.0,0.0,2.0,0.0,0.0,1.0,0.0,0.0,1.0,1.0,1.0,1.0,4.0,3.0,4.0,1.0,2.0,4.0,0.0,High
402,0.0,0.0,17,1.0,0.0,1.0,4.0,3.0,3.0,1.0,0.0,2.0,0.0,0.0,1.0,0.0,1.0,1.0,1.0,1.0,1.0,3.0,3.0,2.0,0.0,2.0,3.0,0.0,High
403,0.0,0.0,17,1.0,0.0,1.0,2.0,1.0,0.0,1.0,1.0,1.0,0.0,0.0,1.0,0.0,1.0,1.0,1.0,1.0,1.0,3.0,2.0,3.0,1.0,1.0,0.0,10.0,High
404,0.0,0.0,17,1.0,0.0,1.0,2.0,1.0,3.0,1.0,0.0,1.0,0.0,0.0,1.0,0.0,1.0,1.0,1.0,1.0,0.0,3.0,2.0,4.0,1.0,3.0,3.0,4.0,High
405,0.0,0.0,19,1.0,1.0,0.0,2.0,3.0,1.0,2.0,1.0,0.0,1.0,0.0,0.0,0.0,0.0,1.0,0.0,1.0,0.0,1.0,1.0,2.0,2.0,3.0,4.0,16.0,Low
406,0.0,0.0,17,1.0,0.0,1.0,3.0,1.0,1.0,1.0,0.0,0.0,1.0,0.0,1.0,1.0,0.0,1.0,1.0,1.0,1.0,3.0,0.0,1.0,0.0,0.0,2.0,6.0,High
407,0.0,0.0,21,1.0,1.0,1.0,4.0,4.0,3.0,2.0,0.0,2.0,2.0,0.0,0.0,1.0,1.0,1.0,1.0,1.0,0.0,2.0,2.0,1.0,0.0,0.0,4.0,0.0,Low
408,0.0,1.0,18,1.0,1.0,1.0,2.0,2.0,3.0,1.0,0.0,1.0,0.0,0.0,1.0,0.0,1.0,0.0,0.0,1.0,0.0,3.0,3.0,3.0,0.0,2.0,2.0,11.0,Low
409,0.0,1.0,18,1.0,1.0,0.0,3.0,4.0,3.0,2.0,0.0,1.0,0.0,0.0,0.0,0.0,1.0,1.0,1.0,1.0,1.0,3.0,2.0,4.0,0.0,3.0,1.0,9.0,High
410,0.0,0.0,17,1.0,0.0,1.0,2.0,2.0,3.0,1.0,0.0,1.0,0.0,0.0,1.0,0.0,1.0,1.0,1.0,1.0,0.0,3.0,2.0,3.0,0.0,2.0,3.0,0.0,High
411,0.0,1.0,17,1.0,1.0,0.0,4.0,4.0,3.0,1.0,0.0,2.0,0.0,0.0,1.0,0.0,0.0,1.0,1.0,1.0,0.0,3.0,3.0,1.0,0.0,1.0,3.0,2.0,High
412,0.0,0.0,18,1.0,1.0,1.0,4.0,2.0,0.0,1.0,0.0,1.0,0.0,0.0,1.0,0.0,1.0,1.0,1.0,1.0,0.0,3.0,1.0,1.0,0.0,0.0,2.0,0.0,High
413,0.0,1.0,21,0.0,1.0,1.0,1.0,1.0,0.0,2.0,1.0,1.0,2.0,0.0,1.0,0.0,1.0,1.0,0.0,1.0,1.0,4.0,2.0,2.0,4.0,1.0,3.0,18.0,Low
414,0.0,0.0,20,0.0,0.0,1.0,1.0,1.0,3.0,2.0,1.0,2.0,0.0,0.0,0.0,0.0,0.0,1.0,1.0,1.0,1.0,2.0,1.0,1.0,0.0,2.0,2.0,8.0,High
415,0.0,0.0,19,1.0,0.0,1.0,4.0,4.0,1.0,2.0,0.0,0.0,1.0,0.0,1.0,0.0,0.0,1.0,1.0,1.0,1.0,2.0,1.0,4.0,3.0,3.0,4.0,5.0,Low
416,0.0,1.0,17,1.0,1.0,0.0,3.0,2.0,3.0,1.0,0.0,1.0,0.0,0.0,1.0,0.0,0.0,1.0,1.0,1.0,0.0,3.0,3.0,3.0,0.0,1.0,4.0,10.0,High
417,0.0,0.0,18,1.0,0.0,1.0,3.0,2.0,3.0,0.0,0.0,2.0,0.0,0.0,1.0,0.0,0.0,1.0,1.0,1.0,1.0,3.0,2.0,3.0,0.0,1.0,1.0,5.0,High
418,0.0,1.0,18,0.0,0.0,1.0,2.0,3.0,3.0,0.0,0.0,0.0,0.0,0.0,0.0,0.0,0.0,1.0,1.0,1.0,0.0,2.0,0.0,2.0,3.0,4.0,3.0,13.0,High
419,0.0,1.0,19,1.0,0.0,1.0,2.0,1.0,3.0,1.0,0.0,0.0,0.0,0.0,0.0,0.0,0.0,1.0,1.0,1.0,0.0,4.0,2.0,3.0,0.0,3.0,3.0,10.0,Low
420,0.0,0.0,18,1.0,1.0,0.0,2.0,2.0,3.0,1.0,1.0,1.0,0.0,0.0,1.0,0.0,0.0,1.0,1.0,1.0,0.0,3.0,0.0,3.0,0.0,2.0,3.0,10.0,High
421,0.0,0.0,20,1.0,0.0,1.0,1.0,0.0,3.0,1.0,1.0,0.0,1.0,1.0,0.0,0.0,0.0,1.0,1.0,1.0,1.0,4.0,2.0,0.0,0.0,0.0,4.0,5.0,Low
422,0.0,0.0,18,1.0,0.0,1.0,3.0,2.0,1.0,1.0,0.0,1.0,0.0,0.0,1.0,0.0,1.0,0.0,1.0,1.0,1.0,2.0,0.0,1.0,0.0,1.0,0.0,4.0,High
423,1.0,0.0,16,1.0,0.0,1.0,1.0,3.0,2.0,0.0,1.0,0.0,0.0,0.0,1.0,0.0,0.0,1.0,0.0,1.0,1.0,3.0,2.0,2.0,0.0,2.0,4.0,11.0,Low
424,1.0,0.0,16,0.0,0.0,1.0,2.0,2.0,0.0,1.0,1.0,1.0,0.0,0.0,1.0,0.0,1.0,1.0,1.0,1.0,0.0,3.0,3.0,3.0,0.0,0.0,4.0,0.0,Low
425,1.0,0.0,15,0.0,0.0,1.0,1.0,1.0,2.0,1.0,0.0,0.0,1.0,0.0,1.0,0.0,0.0,1.0,1.0,0.0,1.0,3.0,0.0,2.0,0.0,0.0,1.0,6.0,Low
426,1.0,0.0,15,0.0,0.0,1.0,3.0,3.0,0.0,1.0,1.0,0.0,0.0,0.0,1.0,0.0,0.0,1.0,1.0,1.0,0.0,4.0,3.0,3.0,1.0,2.0,4.0,4.0,Low
427,1.0,0.0,16,0.0,0.0,1.0,2.0,3.0,0.0,1.0,1.0,1.0,0.0,0.0,0.0,0.0,0.0,1.0,1.0,0.0,0.0,3.0,4.0,1.0,0.0,1.0,4.0,0.0,High
428,1.0,0.0,15,0.0,1.0,1.0,2.0,1.0,1.0,1.0,1.0,0.0,0.0,0.0,0.0,0.0,0.0,1.0,0.0,0.0,0.0,0.0,2.0,3.0,0.0,0.0,0.0,0.0,Low
429,1.0,1.0,16,0.0,1.0,0.0,4.0,4.0,1.0,1.0,0.0,1.0,0.0,0.0,1.0,0.0,0.0,1.0,1.0,0.0,0.0,4.0,2.0,1.0,0.0,2.0,1.0,5.0,Low
430,1.0,1.0,16,1.0,0.0,0.0,1.0,2.0,2.0,1.0,0.0,2.0,0.0,1.0,0.0,0.0,0.0,1.0,1.0,1.0,0.0,3.0,3.0,2.0,0.0,0.0,4.0,0.0,Low
431,1.0,0.0,17,0.0,0.0,1.0,3.0,2.0,0.0,0.0,0.0,1.0,1.0,0.0,0.0,0.0,0.0,1.0,1.0,0.0,1.0,3.0,4.0,3.0,0.0,1.0,4.0,0.0,Low
432,1.0,0.0,17,0.0,0.0,1.0,1.0,1.0,2.0,0.0,0.0,0.0,1.0,0.0,1.0,0.0,0.0,0.0,0.0,1.0,0.0,4.0,3.0,3.0,1.0,1.0,4.0,0.0,Low
433,1.0,0.0,15,0.0,0.0,1.0,4.0,4.0,0.0,1.0,1.0,0.0,0.0,0.0,0.0,0.0,0.0,1.0,1.0,1.0,1.0,0.0,4.0,0.0,2.0,4.0,4.0,0.0,High
434,1.0,0.0,16,1.0,1.0,0.0,2.0,2.0,3.0,1.0,1.0,3.0,0.0,0.0,0.0,0.0,1.0,0.0,0.0,0.0,1.0,0.0,1.0,0.0,0.0,0.0,0.0,4.0,Low
435,1.0,0.0,15,0.0,1.0,1.0,1.0,1.0,3.0,0.0,1.0,1.0,0.0,0.0,1.0,0.0,0.0,1.0,1.0,1.0,0.0,4.0,3.0,2.0,0.0,1.0,3.0,0.0,Low
436,1.0,0.0,15,0.0,1.0,1.0,1.0,1.0,0.0,1.0,1.0,0.0,1.0,0.0,1.0,0.0,0.0,1.0,1.0,1.0,1.0,3.0,3.0,2.0,0.0,1.0,1.0,4.0,Low
437,1.0,0.0,16,0.0,0.0,1.0,0.0,2.0,2.0,1.0,1.0,0.0,0.0,0.0,1.0,0.0,1.0,1.0,1.0,0.0,0.0,2.0,1.0,2.0,0.0,1.0,1.0,0.0,Low
438,1.0,0.0,17,0.0,0.0,1.0,2.0,3.0,0.0,1.0,1.0,0.0,0.0,0.0,1.0,0.0,0.0,1.0,1.0,1.0,0.0,4.0,4.0,4.0,0.0,2.0,2.0,2.0,Low
439,1.0,0.0,15,0.0,0.0,1.0,3.0,3.0,0.0,0.0,1.0,0.0,0.0,0.0,0.0,0.0,0.0,0.0,1.0,1.0,0.0,3.0,0.0,2.0,0.0,0.0,3.0,0.0,High
440,1.0,1.0,16,1.0,0.0,1.0,1.0,1.0,1.0,1.0,1.0,1.0,0.0,0.0,1.0,0.0,1.0,1.0,1.0,0.0,1.0,4.0,3.0,4.0,3.0,4.0,2.0,0.0,Low
441,1.0,1.0,17,1.0,0.0,1.0,1.0,1.0,1.0,1.0,0.0,1.0,0.0,0.0,0.0,1.0,0.0,0.0,1.0,1.0,0.0,3.0,3.0,2.0,1.0,3.0,4.0,4.0,Low
442,1.0,1.0,15,0.0,1.0,1.0,4.0,1.0,3.0,0.0,0.0,1.0,0.0,0.0,1.0,0.0,1.0,1.0,1.0,1.0,0.0,4.0,2.0,3.0,0.0,1.0,1.0,0.0,High
443,1.0,1.0,15,0.0,1.0,1.0,4.0,1.0,3.0,0.0,0.0,1.0,0.0,0.0,1.0,0.0,1.0,1.0,1.0,1.0,0.0,4.0,2.0,3.0,0.0,1.0,1.0,7.0,Low
444,1.0,1.0,16,0.0,0.0,1.0,3.0,4.0,2.0,1.0,2.0,1.0,0.0,0.0,0.0,0.0,0.0,0.0,1.0,0.0,0.0,2.0,3.0,4.0,0.0,1.0,4.0,4.0,Low
445,1.0,1.0,15,0.0,0.0,1.0,1.0,1.0,0.0,1.0,3.0,1.0,0.0,0.0,1.0,0.0,1.0,1.0,1.0,0.0,1.0,4.0,3.0,4.0,1.0,3.0,3.0,8.0,Low
446,1.0,1.0,15,1.0,1.0,1.0,3.0,3.0,3.0,0.0,0.0,1.0,0.0,0.0,1.0,0.0,1.0,1.0,1.0,1.0,0.0,4.0,2.0,2.0,0.0,0.0,4.0,0.0,Low
447,1.0,1.0,17,0.0,0.0,1.0,2.0,1.0,2.0,1.0,2.0,0.0,0.0,0.0,0.0,0.0,1.0,1.0,0.0,0.0,1.0,4.0,4.0,4.0,4.0,4.0,2.0,8.0,Low
448,1.0,0.0,16,0.0,0.0,1.0,4.0,4.0,0.0,1.0,1.0,2.0,0.0,0.0,0.0,0.0,1.0,1.0,1.0,1.0,1.0,3.0,1.0,1.0,0.0,0.0,3.0,6.0,High
449,1.0,0.0,15,0.0,0.0,1.0,1.0,2.0,0.0,1.0,1.0,0.0,0.0,0.0,0.0,0.0,0.0,1.0,1.0,0.0,0.0,4.0,0.0,1.0,0.0,0.0,0.0,3.0,High
450,1.0,0.0,16,0.0,0.0,1.0,2.0,3.0,0.0,1.0,2.0,1.0,0.0,0.0,1.0,0.0,0.0,1.0,1.0,1.0,0.0,3.0,4.0,3.0,0.0,1.0,0.0,2.0,High
451,1.0,1.0,16,0.0,0.0,1.0,1.0,2.0,0.0,0.0,1.0,1.0,0.0,0.0,0.0,0.0,0.0,1.0,1.0,0.0,0.0,3.0,2.0,2.0,0.0,0.0,4.0,0.0,Low
452,1.0,0.0,16,0.0,0.0,1.0,2.0,2.0,0.0,1.0,2.0,1.0,0.0,0.0,1.0,0.0,0.0,1.0,1.0,1.0,0.0,3.0,3.0,4.0,0.0,0.0,3.0,4.0,Low
453,1.0,0.0,16,1.0,0.0,1.0,1.0,2.0,0.0,1.0,0.0,2.0,1.0,0.0,1.0,0.0,0.0,1.0,1.0,0.0,0.0,0.0,2.0,1.0,0.0,1.0,3.0,0.0,Low
454,1.0,0.0,16,1.0,0.0,1.0,1.0,2.0,0.0,1.0,0.0,2.0,1.0,0.0,1.0,0.0,0.0,1.0,1.0,0.0,0.0,0.0,2.0,1.0,0.0,1.0,3.0,3.0,Low
455,1.0,0.0,15,1.0,0.0,1.0,2.0,1.0,1.0,1.0,0.0,1.0,0.0,1.0,1.0,0.0,0.0,0.0,1.0,1.0,0.0,3.0,3.0,1.0,2.0,2.0,1.0,0.0,Low
456,1.0,0.0,16,1.0,0.0,1.0,1.0,1.0,0.0,0.0,0.0,1.0,0.0,0.0,1.0,0.0,0.0,0.0,1.0,0.0,1.0,4.0,3.0,2.0,1.0,0.0,1.0,0.0,High
457,1.0,1.0,17,0.0,1.0,1.0,1.0,2.0,3.0,1.0,0.0,0.0,0.0,0.0,1.0,0.0,1.0,1.0,1.0,1.0,0.0,4.0,4.0,4.0,4.0,4.0,2.0,4.0,Low
458,1.0,0.0,16,0.0,0.0,1.0,1.0,1.0,1.0,0.0,3.0,3.0,0.0,0.0,1.0,0.0,0.0,0.0,1.0,1.0,0.0,3.0,2.0,1.0,0.0,0.0,0.0,0.0,High
459,1.0,0.0,16,0.0,0.0,1.0,1.0,1.0,2.0,0.0,3.0,2.0,0.0,1.0,1.0,0.0,0.0,1.0,1.0,0.0,0.0,3.0,3.0,2.0,0.0,0.0,4.0,2.0,Low
460,1.0,0.0,15,0.0,0.0,1.0,1.0,1.0,1.0,0.0,1.0,1.0,0.0,0.0,1.0,0.0,1.0,1.0,1.0,1.0,0.0,3.0,2.0,2.0,0.0,0.0,1.0,1.0,Low
461,1.0,0.0,16,0.0,0.0,1.0,1.0,1.0,2.0,1.0,1.0,0.0,0.0,0.0,0.0,0.0,1.0,1.0,1.0,1.0,1.0,3.0,1.0,1.0,3.0,2.0,1.0,0.0,High
462,1.0,0.0,15,0.0,0.0,1.0,1.0,1.0,0.0,0.0,2.0,1.0,0.0,0.0,1.0,0.0,0.0,1.0,1.0,0.0,0.0,3.0,1.0,0.0,0.0,1.0,1.0,0.0,High
463,1.0,0.0,15,0.0,1.0,1.0,2.0,2.0,2.0,0.0,0.0,2.0,0.0,1.0,1.0,0.0,0.0,1.0,1.0,0.0,0.0,3.0,3.0,2.0,1.0,1.0,4.0,2.0,Low
464,1.0,1.0,16,0.0,0.0,1.0,1.0,1.0,2.0,0.0,1.0,0.0,0.0,0.0,0.0,0.0,1.0,1.0,1.0,0.0,0.0,2.0,3.0,3.0,2.0,3.0,4.0,6.0,Low
465,1.0,0.0,18,1.0,0.0,1.0,1.0,2.0,0.0,0.0,0.0,1.0,1.0,0.0,1.0,0.0,1.0,1.0,1.0,1.0,1.0,2.0,3.0,3.0,1.0,2.0,4.0,9.0,Low
466,1.0,1.0,15,1.0,0.0,1.0,3.0,1.0,1.0,1.0,1.0,0.0,0.0,0.0,1.0,0.0,0.0,1.0,1.0,0.0,0.0,2.0,1.0,2.0,0.0,2.0,3.0,0.0,Low
467,1.0,0.0,16,0.0,0.0,1.0,2.0,2.0,0.0,0.0,2.0,1.0,0.0,0.0,1.0,0.0,1.0,1.0,1.0,1.0,0.0,4.0,2.0,3.0,0.0,0.0,1.0,1.0,High
468,1.0,1.0,15,1.0,0.0,1.0,2.0,2.0,3.0,1.0,2.0,0.0,0.0,0.0,0.0,0.0,0.0,1.0,1.0,0.0,0.0,3.0,2.0,2.0,0.0,1.0,3.0,1.0,High
469,1.0,1.0,16,1.0,0.0,1.0,4.0,4.0,0.0,0.0,0.0,1.0,0.0,0.0,1.0,0.0,1.0,1.0,1.0,0.0,1.0,3.0,2.0,0.0,0.0,0.0,2.0,0.0,High
470,1.0,0.0,15,0.0,0.0,1.0,3.0,3.0,3.0,1.0,0.0,1.0,0.0,0.0,1.0,0.0,0.0,1.0,1.0,1.0,1.0,3.0,4.0,3.0,0.0,0.0,0.0,4.0,Low
471,1.0,0.0,16,0.0,0.0,1.0,2.0,2.0,0.0,1.0,1.0,1.0,1.0,0.0,1.0,0.0,1.0,0.0,1.0,0.0,0.0,3.0,3.0,3.0,1.0,2.0,4.0,2.0,Low
472,1.0,0.0,16,0.0,1.0,1.0,2.0,2.0,1.0,0.0,2.0,0.0,0.0,0.0,1.0,0.0,1.0,1.0,1.0,0.0,1.0,3.0,2.0,1.0,0.0,0.0,3.0,0.0,High
473,1.0,1.0,16,1.0,1.0,1.0,2.0,1.0,0.0,1.0,1.0,0.0,0.0,0.0,1.0,0.0,1.0,1.0,1.0,1.0,0.0,1.0,3.0,2.0,1.0,2.0,3.0,4.0,Low
474,1.0,1.0,15,0.0,1.0,1.0,1.0,3.0,3.0,0.0,2.0,0.0,0.0,0.0,1.0,0.0,1.0,1.0,1.0,1.0,0.0,3.0,1.0,3.0,2.0,4.0,2.0,2.0,Low
475,1.0,0.0,15,1.0,0.0,1.0,2.0,2.0,0.0,1.0,1.0,2.0,0.0,0.0,1.0,0.0,1.0,1.0,1.0,0.0,0.0,4.0,2.0,1.0,0.0,0.0,3.0,0.0,High
476,1.0,0.0,16,0.0,1.0,1.0,2.0,1.0,1.0,1.0,0.0,0.0,0.0,0.0,1.0,0.0,0.0,1.0,1.0,1.0,1.0,4.0,3.0,2.0,0.0,0.0,4.0,2.0,Low
477,1.0,1.0,15,1.0,0.0,1.0,3.0,3.0,0.0,0.0,1.0,0.0,0.0,0.0,1.0,0.0,1.0,0.0,1.0,1.0,0.0,3.0,2.0,2.0,1.0,3.0,2.0,11.0,Low
478,1.0,0.0,16,0.0,0.0,1.0,1.0,1.0,0.0,0.0,1.0,1.0,3.0,1.0,1.0,0.0,0.0,1.0,1.0,0.0,0.0,2.0,3.0,2.0,0.0,0.0,0.0,0.0,Low
479,1.0,0.0,17,1.0,0.0,1.0,2.0,2.0,0.0,1.0,0.0,0.0,0.0,0.0,1.0,0.0,1.0,1.0,0.0,0.0,0.0,3.0,4.0,2.0,0.0,0.0,4.0,4.0,Low
480,1.0,0.0,19,1.0,0.0,1.0,2.0,3.0,0.0,2.0,0.0,0.0,1.0,0.0,0.0,0.0,0.0,1.0,0.0,1.0,1.0,3.0,3.0,3.0,0.0,0.0,1.0,0.0,Low
481,1.0,0.0,17,0.0,0.0,1.0,2.0,1.0,0.0,1.0,2.0,0.0,0.0,0.0,1.0,0.0,1.0,1.0,0.0,0.0,1.0,4.0,4.0,2.0,0.0,0.0,2.0,2.0,Low
482,1.0,0.0,15,0.0,1.0,1.0,1.0,1.0,0.0,1.0,1.0,0.0,0.0,0.0,1.0,0.0,0.0,1.0,0.0,0.0,1.0,4.0,1.0,0.0,0.0,2.0,3.0,0.0,Low
483,1.0,0.0,16,0.0,0.0,1.0,2.0,2.0,0.0,0.0,2.0,1.0,0.0,0.0,1.0,0.0,0.0,1.0,0.0,1.0,0.0,2.0,3.0,4.0,0.0,1.0,0.0,1.0,Low
484,1.0,0.0,16,1.0,1.0,0.0,2.0,2.0,1.0,1.0,0.0,0.0,0.0,0.0,1.0,0.0,0.0,1.0,0.0,0.0,0.0,3.0,2.0,3.0,0.0,1.0,0.0,6.0,Low
485,1.0,0.0,17,0.0,0.0,1.0,2.0,2.0,0.0,1.0,1.0,1.0,0.0,0.0,1.0,0.0,0.0,1.0,1.0,1.0,0.0,3.0,2.0,4.0,0.0,1.0,3.0,0.0,Low
486,1.0,0.0,16,1.0,0.0,1.0,2.0,2.0,0.0,0.0,0.0,0.0,1.0,0.0,1.0,1.0,1.0,0.0,1.0,1.0,0.0,3.0,3.0,2.0,0.0,3.0,2.0,1.0,Low
487,1.0,0.0,18,0.0,1.0,0.0,3.0,2.0,0.0,2.0,1.0,2.0,2.0,0.0,1.0,0.0,0.0,0.0,0.0,0.0,1.0,2.0,2.0,1.0,0.0,0.0,1.0,6.0,Low
488,1.0,0.0,19,1.0,0.0,1.0,1.0,1.0,0.0,1.0,0.0,2.0,1.0,0.0,0.0,0.0,1.0,1.0,0.0,0.0,1.0,4.0,2.0,0.0,0.0,0.0,2.0,6.0,Low
489,1.0,1.0,18,0.0,0.0,1.0,1.0,1.0,1.0,1.0,1.0,0.0,1.0,0.0,0.0,0.0,1.0,1.0,0.0,1.0,0.0,3.0,3.0,2.0,2.0,3.0,3.0,0.0,Low
490,1.0,0.0,18,0.0,0.0,1.0,1.0,1.0,0.0,1.0,1.0,0.0,1.0,0.0,0.0,0.0,0.0,0.0,0.0,1.0,1.0,2.0,1.0,2.0,0.0,0.0,1.0,4.0,Low
491,1.0,0.0,19,1.0,0.0,1.0,1.0,1.0,0.0,2.0,1.0,1.0,1.0,0.0,1.0,0.0,0.0,1.0,1.0,1.0,1.0,0.0,0.0,3.0,3.0,0.0,0.0,12.0,Low
492,1.0,0.0,16,0.0,0.0,0.0,2.0,2.0,0.0,1.0,0.0,1.0,0.0,0.0,0.0,0.0,0.0,0.0,1.0,0.0,1.0,2.0,2.0,1.0,0.0,0.0,2.0,2.0,Low
493,1.0,0.0,17,1.0,0.0,1.0,0.0,1.0,0.0,0.0,1.0,0.0,0.0,0.0,0.0,0.0,1.0,0.0,1.0,0.0,0.0,1.0,3.0,3.0,2.0,4.0,4.0,5.0,Low
494,1.0,0.0,16,0.0,1.0,1.0,1.0,2.0,0.0,1.0,0.0,1.0,0.0,0.0,0.0,0.0,1.0,1.0,0.0,1.0,0.0,3.0,3.0,4.0,0.0,2.0,2.0,0.0,Low
495,1.0,0.0,16,1.0,0.0,1.0,3.0,3.0,3.0,1.0,0.0,0.0,0.0,0.0,0.0,0.0,1.0,1.0,0.0,1.0,1.0,3.0,4.0,3.0,0.0,0.0,3.0,0.0,High
496,1.0,0.0,16,0.0,1.0,1.0,1.0,1.0,1.0,1.0,0.0,0.0,0.0,0.0,1.0,0.0,1.0,1.0,1.0,1.0,1.0,3.0,3.0,3.0,1.0,1.0,3.0,2.0,High
497,1.0,1.0,17,1.0,0.0,1.0,3.0,3.0,0.0,1.0,1.0,3.0,1.0,0.0,1.0,1.0,1.0,1.0,1.0,0.0,0.0,4.0,3.0,4.0,2.0,3.0,4.0,0.0,Low
498,1.0,0.0,16,1.0,0.0,1.0,2.0,1.0,0.0,1.0,0.0,1.0,0.0,0.0,1.0,0.0,1.0,1.0,1.0,1.0,0.0,4.0,2.0,2.0,0.0,0.0,0.0,0.0,High
499,1.0,0.0,16,1.0,0.0,1.0,2.0,2.0,0.0,1.0,0.0,0.0,0.0,0.0,1.0,1.0,1.0,1.0,1.0,0.0,1.0,3.0,1.0,4.0,0.0,1.0,4.0,0.0,High
500,1.0,1.0,17,1.0,0.0,1.0,1.0,2.0,0.0,0.0,0.0,0.0,1.0,0.0,1.0,0.0,1.0,1.0,0.0,1.0,1.0,4.0,2.0,4.0,4.0,4.0,0.0,12.0,Low
501,1.0,1.0,16,1.0,1.0,1.0,4.0,3.0,0.0,0.0,0.0,0.0,0.0,0.0,0.0,0.0,1.0,1.0,1.0,1.0,0.0,3.0,1.0,4.0,0.0,4.0,4.0,8.0,High
502,1.0,1.0,17,0.0,1.0,1.0,2.0,2.0,2.0,1.0,2.0,3.0,1.0,0.0,1.0,0.0,0.0,1.0,1.0,0.0,0.0,0.0,2.0,4.0,2.0,4.0,2.0,2.0,Low
503,1.0,0.0,16,1.0,0.0,1.0,1.0,1.0,0.0,2.0,0.0,3.0,0.0,1.0,1.0,0.0,1.0,1.0,1.0,1.0,0.0,1.0,1.0,0.0,0.0,0.0,4.0,0.0,High
504,1.0,0.0,19,1.0,1.0,1.0,2.0,2.0,1.0,1.0,0.0,2.0,0.0,0.0,0.0,0.0,0.0,1.0,1.0,1.0,1.0,4.0,3.0,4.0,0.0,0.0,0.0,0.0,High
505,1.0,0.0,17,0.0,0.0,1.0,1.0,1.0,3.0,1.0,1.0,0.0,0.0,0.0,1.0,0.0,1.0,0.0,1.0,1.0,1.0,3.0,3.0,4.0,0.0,1.0,4.0,0.0,Low
506,1.0,0.0,20,1.0,0.0,1.0,3.0,3.0,2.0,1.0,1.0,1.0,1.0,0.0,0.0,0.0,1.0,1.0,1.0,1.0,1.0,2.0,2.0,3.0,1.0,3.0,2.0,8.0,Low
507,1.0,0.0,17,1.0,1.0,1.0,1.0,1.0,0.0,0.0,0.0,2.0,0.0,0.0,1.0,0.0,0.0,1.0,1.0,0.0,1.0,3.0,2.0,2.0,0.0,0.0,2.0,0.0,Low
508,1.0,1.0,17,0.0,0.0,1.0,2.0,2.0,0.0,1.0,2.0,0.0,1.0,0.0,1.0,0.0,0.0,0.0,1.0,1.0,0.0,3.0,3.0,4.0,0.0,1.0,4.0,0.0,Low
509,1.0,0.0,16,0.0,1.0,1.0,1.0,1.0,0.0,0.0,2.0,1.0,0.0,0.0,1.0,0.0,0.0,1.0,1.0,0.0,0.0,4.0,2.0,1.0,0.0,0.0,0.0,0.0,High
510,1.0,0.0,17,0.0,0.0,1.0,2.0,2.0,3.0,1.0,1.0,1.0,0.0,0.0,1.0,0.0,1.0,1.0,1.0,0.0,0.0,4.0,2.0,1.0,0.0,0.0,0.0,0.0,High
511,1.0,0.0,17,1.0,0.0,0.0,1.0,0.0,2.0,1.0,1.0,1.0,0.0,0.0,0.0,0.0,0.0,1.0,1.0,1.0,1.0,3.0,3.0,4.0,0.0,0.0,3.0,1.0,Low
512,1.0,0.0,18,0.0,0.0,1.0,1.0,1.0,2.0,1.0,0.0,1.0,1.0,0.0,1.0,0.0,0.0,1.0,1.0,1.0,1.0,3.0,2.0,1.0,0.0,0.0,4.0,9.0,Low
513,1.0,0.0,16,1.0,0.0,1.0,3.0,1.0,0.0,1.0,0.0,0.0,0.0,0.0,0.0,0.0,1.0,1.0,1.0,1.0,0.0,2.0,0.0,2.0,0.0,2.0,0.0,0.0,Low
514,1.0,0.0,16,1.0,0.0,1.0,3.0,2.0,0.0,1.0,0.0,0.0,0.0,0.0,0.0,0.0,0.0,1.0,1.0,1.0,0.0,2.0,0.0,2.0,0.0,3.0,2.0,2.0,Low
515,1.0,0.0,18,1.0,1.0,1.0,1.0,1.0,3.0,1.0,1.0,1.0,0.0,1.0,0.0,0.0,0.0,1.0,1.0,0.0,0.0,1.0,2.0,4.0,0.0,3.0,2.0,8.0,Low
516,1.0,0.0,16,0.0,0.0,1.0,4.0,4.0,3.0,0.0,0.0,1.0,0.0,0.0,0.0,0.0,1.0,0.0,1.0,1.0,1.0,3.0,2.0,2.0,1.0,2.0,1.0,0.0,High
517,1.0,0.0,16,0.0,1.0,1.0,1.0,2.0,3.0,1.0,1.0,0.0,0.0,0.0,0.0,0.0,1.0,1.0,1.0,1.0,0.0,4.0,3.0,4.0,0.0,3.0,1.0,0.0,High
518,1.0,0.0,18,1.0,0.0,0.0,2.0,4.0,3.0,0.0,0.0,1.0,1.0,0.0,1.0,0.0,0.0,1.0,1.0,1.0,0.0,1.0,2.0,1.0,0.0,2.0,0.0,8.0,Low
519,1.0,1.0,16,0.0,0.0,1.0,2.0,1.0,3.0,1.0,1.0,1.0,0.0,0.0,0.0,0.0,1.0,1.0,1.0,1.0,0.0,4.0,1.0,0.0,0.0,0.0,1.0,0.0,Low
520,1.0,0.0,16,1.0,1.0,1.0,1.0,1.0,2.0,1.0,2.0,1.0,0.0,0.0,1.0,0.0,0.0,1.0,1.0,1.0,0.0,3.0,2.0,1.0,0.0,2.0,4.0,6.0,Low
521,1.0,0.0,16,0.0,0.0,1.0,2.0,3.0,2.0,1.0,1.0,1.0,0.0,0.0,1.0,0.0,1.0,1.0,1.0,1.0,0.0,2.0,2.0,2.0,0.0,0.0,1.0,0.0,Low
522,1.0,0.0,16,1.0,0.0,1.0,4.0,4.0,0.0,1.0,0.0,1.0,0.0,0.0,1.0,0.0,0.0,1.0,1.0,1.0,1.0,3.0,2.0,3.0,0.0,1.0,2.0,4.0,Low
523,1.0,1.0,18,1.0,1.0,1.0,4.0,4.0,1.0,1.0,0.0,3.0,0.0,0.0,1.0,0.0,1.0,1.0,0.0,1.0,1.0,4.0,4.0,4.0,4.0,4.0,4.0,2.0,Low
524,1.0,0.0,16,0.0,1.0,1.0,3.0,4.0,2.0,1.0,2.0,1.0,0.0,0.0,1.0,0.0,0.0,0.0,1.0,0.0,0.0,3.0,1.0,0.0,0.0,0.0,1.0,2.0,Low
525,1.0,1.0,17,1.0,1.0,1.0,4.0,4.0,1.0,1.0,0.0,2.0,0.0,0.0,1.0,0.0,0.0,1.0,1.0,1.0,0.0,3.0,3.0,2.0,0.0,1.0,4.0,0.0,High
526,1.0,0.0,17,0.0,0.0,1.0,4.0,1.0,2.0,1.0,0.0,0.0,0.0,0.0,0.0,0.0,0.0,1.0,1.0,1.0,1.0,3.0,1.0,2.0,0.0,1.0,4.0,1.0,High
527,1.0,1.0,16,1.0,1.0,1.0,2.0,2.0,2.0,1.0,3.0,2.0,0.0,0.0,0.0,0.0,0.0,1.0,1.0,0.0,0.0,4.0,0.0,2.0,1.0,1.0,2.0,0.0,Low
528,1.0,0.0,17,0.0,0.0,1.0,2.0,2.0,2.0,1.0,0.0,0.0,0.0,0.0,1.0,1.0,0.0,1.0,1.0,1.0,0.0,4.0,0.0,2.0,0.0,1.0,4.0,5.0,Low
529,1.0,0.0,16,1.0,1.0,1.0,4.0,4.0,2.0,0.0,1.0,0.0,0.0,0.0,1.0,0.0,0.0,1.0,1.0,0.0,0.0,4.0,0.0,2.0,0.0,1.0,4.0,1.0,Low
530,1.0,1.0,17,1.0,0.0,1.0,3.0,3.0,1.0,1.0,0.0,0.0,0.0,0.0,1.0,0.0,1.0,1.0,1.0,1.0,0.0,3.0,0.0,3.0,4.0,4.0,2.0,8.0,Low
531,1.0,1.0,17,1.0,0.0,1.0,1.0,1.0,2.0,1.0,2.0,1.0,0.0,0.0,0.0,0.0,0.0,1.0,1.0,1.0,1.0,4.0,0.0,2.0,2.0,2.0,0.0,0.0,Low
532,1.0,1.0,16,1.0,0.0,1.0,2.0,1.0,2.0,1.0,1.0,1.0,0.0,0.0,0.0,0.0,0.0,0.0,1.0,1.0,1.0,3.0,1.0,1.0,0.0,3.0,4.0,2.0,Low
533,1.0,0.0,16,1.0,1.0,1.0,2.0,1.0,2.0,1.0,0.0,1.0,0.0,0.0,0.0,0.0,0.0,1.0,1.0,1.0,1.0,2.0,1.0,1.0,0.0,0.0,2.0,0.0,High
534,1.0,1.0,16,1.0,1.0,1.0,4.0,4.0,2.0,0.0,0.0,0.0,0.0,0.0,1.0,0.0,0.0,1.0,1.0,1.0,0.0,3.0,0.0,1.0,1.0,4.0,4.0,0.0,Low
535,1.0,1.0,15,0.0,0.0,1.0,1.0,2.0,0.0,1.0,2.0,1.0,0.0,0.0,1.0,0.0,1.0,1.0,1.0,0.0,0.0,4.0,4.0,4.0,0.0,2.0,4.0,11.0,Low
536,1.0,1.0,15,1.0,1.0,0.0,2.0,2.0,3.0,1.0,2.0,3.0,0.0,0.0,1.0,0.0,1.0,1.0,1.0,0.0,0.0,4.0,3.0,4.0,1.0,2.0,4.0,8.0,High
537,1.0,1.0,15,1.0,1.0,0.0,2.0,1.0,0.0,1.0,0.0,0.0,0.0,0.0,0.0,0.0,1.0,1.0,1.0,1.0,0.0,3.0,2.0,2.0,0.0,1.0,4.0,11.0,Low
538,1.0,0.0,16,0.0,1.0,1.0,2.0,2.0,0.0,1.0,0.0,2.0,0.0,0.0,1.0,0.0,0.0,0.0,1.0,0.0,1.0,3.0,2.0,2.0,1.0,1.0,4.0,2.0,Low
539,1.0,0.0,16,1.0,1.0,1.0,4.0,1.0,1.0,1.0,1.0,1.0,0.0,0.0,1.0,0.0,1.0,1.0,1.0,1.0,0.0,0.0,1.0,3.0,1.0,1.0,0.0,8.0,Low
540,1.0,0.0,17,1.0,0.0,1.0,3.0,2.0,1.0,1.0,1.0,0.0,0.0,0.0,0.0,0.0,0.0,1.0,1.0,0.0,1.0,3.0,2.0,2.0,1.0,1.0,0.0,5.0,Low
541,1.0,0.0,17,0.0,0.0,1.0,2.0,2.0,2.0,1.0,1.0,1.0,0.0,1.0,0.0,1.0,0.0,1.0,1.0,0.0,0.0,4.0,0.0,2.0,0.0,0.0,4.0,0.0,Low
542,1.0,0.0,16,1.0,0.0,1.0,4.0,4.0,0.0,1.0,1.0,2.0,0.0,0.0,1.0,0.0,0.0,1.0,1.0,1.0,1.0,4.0,2.0,4.0,0.0,3.0,4.0,1.0,Low
543,1.0,1.0,17,0.0,0.0,1.0,4.0,4.0,0.0,0.0,2.0,0.0,3.0,0.0,0.0,0.0,1.0,1.0,1.0,1.0,1.0,2.0,2.0,2.0,0.0,2.0,4.0,2.0,Low
544,1.0,1.0,17,0.0,1.0,1.0,1.0,3.0,0.0,0.0,1.0,0.0,0.0,0.0,0.0,0.0,1.0,1.0,1.0,0.0,1.0,4.0,0.0,1.0,2.0,2.0,4.0,2.0,Low
545,1.0,1.0,17,1.0,0.0,1.0,3.0,4.0,2.0,1.0,0.0,1.0,1.0,0.0,1.0,0.0,1.0,0.0,1.0,1.0,1.0,4.0,3.0,3.0,2.0,3.0,4.0,8.0,Low
546,1.0,0.0,17,1.0,0.0,1.0,4.0,4.0,0.0,0.0,0.0,1.0,0.0,0.0,1.0,0.0,0.0,1.0,1.0,1.0,0.0,4.0,1.0,4.0,0.0,0.0,4.0,0.0,High
547,1.0,1.0,16,0.0,1.0,1.0,4.0,1.0,2.0,0.0,0.0,0.0,0.0,0.0,0.0,0.0,0.0,1.0,1.0,1.0,0.0,3.0,0.0,1.0,1.0,0.0,1.0,0.0,Low
548,1.0,0.0,17,1.0,0.0,0.0,1.0,1.0,2.0,1.0,0.0,1.0,0.0,0.0,0.0,0.0,1.0,1.0,1.0,1.0,1.0,3.0,4.0,4.0,0.0,1.0,2.0,2.0,Low
549,1.0,0.0,17,0.0,0.0,1.0,4.0,2.0,0.0,1.0,1.0,1.0,0.0,1.0,1.0,0.0,0.0,0.0,1.0,1.0,0.0,3.0,2.0,2.0,1.0,2.0,4.0,0.0,High
550,1.0,1.0,16,1.0,1.0,0.0,2.0,2.0,0.0,0.0,1.0,1.0,0.0,0.0,1.0,0.0,0.0,0.0,1.0,1.0,1.0,3.0,0.0,1.0,1.0,1.0,4.0,0.0,High
551,1.0,1.0,17,1.0,0.0,1.0,3.0,2.0,2.0,0.0,1.0,1.0,0.0,0.0,1.0,1.0,0.0,1.0,1.0,1.0,0.0,3.0,0.0,1.0,1.0,1.0,0.0,0.0,High
552,1.0,1.0,19,1.0,0.0,1.0,1.0,1.0,2.0,1.0,0.0,1.0,2.0,0.0,1.0,0.0,1.0,1.0,0.0,1.0,0.0,3.0,3.0,2.0,2.0,3.0,3.0,2.0,Low
553,1.0,1.0,17,1.0,1.0,0.0,1.0,0.0,1.0,1.0,0.0,0.0,0.0,0.0,0.0,0.0,0.0,1.0,1.0,0.0,1.0,3.0,0.0,1.0,0.0,0.0,4.0,4.0,Low
554,1.0,0.0,17,0.0,0.0,1.0,1.0,1.0,0.0,0.0,1.0,0.0,0.0,0.0,1.0,0.0,1.0,1.0,0.0,1.0,1.0,2.0,4.0,4.0,1.0,1.0,3.0,3.0,Low
555,1.0,0.0,16,0.0,0.0,1.0,1.0,2.0,1.0,0.0,0.0,2.0,0.0,1.0,1.0,0.0,0.0,0.0,1.0,1.0,1.0,3.0,2.0,3.0,0.0,0.0,2.0,5.0,High
556,1.0,1.0,16,0.0,1.0,1.0,1.0,2.0,0.0,1.0,0.0,0.0,0.0,0.0,0.0,0.0,0.0,1.0,1.0,0.0,0.0,3.0,3.0,3.0,1.0,3.0,4.0,4.0,Low
557,1.0,0.0,17,0.0,0.0,1.0,3.0,1.0,0.0,1.0,1.0,1.0,3.0,0.0,1.0,0.0,1.0,0.0,1.0,1.0,1.0,4.0,3.0,3.0,0.0,0.0,4.0,2.0,Low
558,1.0,1.0,17,0.0,0.0,1.0,2.0,2.0,0.0,1.0,1.0,0.0,0.0,0.0,0.0,0.0,1.0,1.0,0.0,0.0,1.0,4.0,4.0,4.0,2.0,4.0,4.0,0.0,Low
559,1.0,1.0,18,0.0,0.0,1.0,1.0,0.0,0.0,2.0,2.0,0.0,1.0,1.0,1.0,0.0,0.0,1.0,1.0,0.0,0.0,3.0,2.0,1.0,0.0,0.0,3.0,0.0,High
560,1.0,1.0,17,0.0,0.0,1.0,1.0,1.0,0.0,1.0,1.0,0.0,0.0,0.0,1.0,0.0,1.0,0.0,1.0,1.0,1.0,3.0,4.0,4.0,0.0,2.0,1.0,0.0,Low
561,1.0,1.0,18,1.0,1.0,1.0,1.0,1.0,0.0,1.0,1.0,1.0,0.0,0.0,1.0,0.0,1.0,1.0,1.0,0.0,0.0,3.0,2.0,2.0,0.0,3.0,4.0,6.0,Low
562,1.0,0.0,16,0.0,1.0,1.0,2.0,2.0,0.0,0.0,0.0,1.0,0.0,0.0,0.0,0.0,1.0,1.0,1.0,0.0,1.0,4.0,3.0,2.0,0.0,0.0,0.0,0.0,Low
563,1.0,1.0,17,1.0,0.0,1.0,2.0,2.0,0.0,1.0,0.0,0.0,1.0,0.0,0.0,0.0,1.0,1.0,1.0,0.0,1.0,0.0,1.0,0.0,1.0,2.0,4.0,0.0,Low
564,1.0,1.0,16,0.0,0.0,1.0,3.0,2.0,0.0,0.0,1.0,0.0,0.0,0.0,0.0,0.0,0.0,1.0,1.0,1.0,0.0,3.0,4.0,4.0,1.0,2.0,4.0,2.0,Low
565,1.0,1.0,16,0.0,1.0,1.0,1.0,1.0,0.0,1.0,1.0,0.0,0.0,0.0,0.0,0.0,1.0,1.0,1.0,1.0,0.0,3.0,4.0,4.0,1.0,3.0,4.0,0.0,Low
566,1.0,1.0,18,0.0,0.0,1.0,1.0,1.0,0.0,2.0,1.0,0.0,1.0,0.0,1.0,0.0,0.0,1.0,0.0,1.0,1.0,4.0,2.0,2.0,1.0,2.0,4.0,2.0,Low
567,1.0,1.0,18,0.0,0.0,1.0,3.0,2.0,0.0,1.0,0.0,0.0,1.0,0.0,0.0,0.0,0.0,1.0,0.0,1.0,0.0,1.0,2.0,0.0,1.0,1.0,4.0,0.0,Low
568,1.0,1.0,19,1.0,0.0,1.0,3.0,2.0,0.0,1.0,1.0,0.0,3.0,0.0,0.0,0.0,1.0,1.0,1.0,0.0,0.0,2.0,1.0,0.0,0.0,0.0,2.0,4.0,Low
569,1.0,1.0,18,1.0,0.0,1.0,3.0,3.0,0.0,1.0,0.0,1.0,2.0,0.0,1.0,0.0,1.0,1.0,0.0,1.0,0.0,3.0,3.0,4.0,0.0,2.0,2.0,9.0,Low
570,1.0,1.0,16,0.0,0.0,1.0,2.0,2.0,0.0,1.0,1.0,0.0,0.0,0.0,1.0,0.0,1.0,1.0,1.0,1.0,1.0,4.0,3.0,2.0,1.0,3.0,3.0,6.0,Low
571,1.0,1.0,19,1.0,0.0,1.0,2.0,1.0,0.0,2.0,1.0,0.0,3.0,0.0,0.0,0.0,1.0,0.0,0.0,1.0,1.0,3.0,3.0,2.0,0.0,2.0,4.0,4.0,Low
572,1.0,0.0,16,1.0,0.0,0.0,3.0,2.0,0.0,1.0,1.0,1.0,2.0,0.0,1.0,0.0,1.0,1.0,1.0,0.0,1.0,1.0,4.0,4.0,0.0,0.0,0.0,8.0,Low
573,1.0,0.0,17,1.0,0.0,1.0,1.0,1.0,0.0,1.0,0.0,0.0,0.0,0.0,1.0,0.0,1.0,1.0,1.0,0.0,0.0,3.0,2.0,1.0,0.0,1.0,4.0,9.0,Low
574,1.0,1.0,20,0.0,0.0,1.0,1.0,1.0,0.0,2.0,1.0,0.0,1.0,0.0,1.0,0.0,0.0,1.0,0.0,1.0,1.0,3.0,3.0,2.0,1.0,3.0,3.0,12.0,Low
575,1.0,0.0,18,0.0,0.0,0.0,4.0,3.0,0.0,1.0,0.0,0.0,0.0,0.0,1.0,0.0,0.0,1.0,1.0,1.0,0.0,4.0,3.0,3.0,2.0,3.0,1.0,8.0,Low
576,1.0,1.0,18,0.0,0.0,1.0,3.0,2.0,0.0,1.0,1.0,0.0,0.0,0.0,1.0,0.0,0.0,0.0,1.0,1.0,0.0,1.0,4.0,4.0,4.0,4.0,4.0,8.0,Low
577,1.0,1.0,19,0.0,0.0,1.0,1.0,1.0,1.0,2.0,2.0,1.0,1.0,0.0,0.0,0.0,0.0,1.0,1.0,1.0,0.0,4.0,3.0,3.0,2.0,2.0,1.0,8.0,Low
578,1.0,1.0,17,1.0,0.0,1.0,3.0,3.0,0.0,1.0,1.0,1.0,1.0,0.0,1.0,0.0,0.0,1.0,1.0,1.0,0.0,3.0,4.0,3.0,1.0,2.0,2.0,4.0,Low
579,1.0,1.0,18,1.0,1.0,1.0,1.0,3.0,0.0,1.0,0.0,0.0,0.0,0.0,0.0,0.0,0.0,1.0,0.0,1.0,1.0,3.0,2.0,2.0,1.0,2.0,2.0,0.0,Low
580,1.0,1.0,19,0.0,0.0,1.0,1.0,1.0,1.0,2.0,2.0,0.0,1.0,0.0,1.0,0.0,0.0,1.0,1.0,1.0,0.0,3.0,3.0,3.0,2.0,2.0,4.0,4.0,Low
581,1.0,0.0,18,1.0,0.0,0.0,1.0,2.0,0.0,1.0,1.0,1.0,2.0,0.0,1.0,0.0,0.0,1.0,1.0,0.0,0.0,3.0,2.0,2.0,0.0,0.0,4.0,2.0,Low
582,1.0,0.0,19,1.0,1.0,0.0,1.0,1.0,0.0,1.0,0.0,0.0,0.0,0.0,1.0,0.0,0.0,1.0,0.0,0.0,0.0,0.0,3.0,3.0,0.0,0.0,4.0,0.0,Low
583,1.0,0.0,18,0.0,0.0,1.0,2.0,2.0,2.0,1.0,1.0,0.0,1.0,0.0,0.0,0.0,0.0,1.0,0.0,1.0,1.0,4.0,4.0,4.0,0.0,0.0,2.0,0.0,Low
584,1.0,0.0,17,0.0,0.0,1.0,0.0,0.0,0.0,1.0,1.0,0.0,0.0,0.0,1.0,0.0,0.0,1.0,1.0,1.0,0.0,3.0,3.0,2.0,0.0,0.0,4.0,0.0,Low
585,1.0,0.0,17,0.0,1.0,0.0,3.0,1.0,0.0,2.0,1.0,2.0,0.0,0.0,1.0,1.0,0.0,1.0,0.0,0.0,0.0,3.0,1.0,2.0,1.0,1.0,2.0,5.0,Low
586,1.0,0.0,17,1.0,0.0,1.0,4.0,2.0,1.0,1.0,0.0,1.0,0.0,1.0,1.0,0.0,1.0,1.0,1.0,1.0,0.0,4.0,4.0,4.0,0.0,2.0,4.0,0.0,Low
587,1.0,0.0,18,0.0,1.0,1.0,2.0,2.0,0.0,1.0,0.0,1.0,1.0,0.0,1.0,0.0,1.0,1.0,1.0,1.0,0.0,1.0,2.0,2.0,0.0,1.0,3.0,3.0,Low
588,1.0,0.0,17,1.0,0.0,1.0,4.0,1.0,0.0,1.0,0.0,0.0,0.0,0.0,1.0,0.0,0.0,1.0,1.0,0.0,1.0,2.0,1.0,1.0,0.0,0.0,4.0,0.0,Low
589,1.0,0.0,17,1.0,1.0,1.0,1.0,2.0,0.0,0.0,0.0,0.0,0.0,0.0,0.0,0.0,0.0,1.0,1.0,1.0,0.0,4.0,4.0,0.0,0.0,0.0,2.0,0.0,Low
590,1.0,0.0,18,1.0,0.0,1.0,1.0,1.0,0.0,1.0,2.0,1.0,2.0,0.0,0.0,0.0,1.0,1.0,1.0,0.0,1.0,2.0,3.0,3.0,1.0,1.0,4.0,3.0,Low
591,1.0,0.0,18,1.0,0.0,1.0,2.0,2.0,3.0,0.0,1.0,1.0,0.0,0.0,0.0,0.0,1.0,0.0,1.0,1.0,0.0,3.0,2.0,4.0,0.0,0.0,0.0,2.0,High
592,1.0,0.0,17,1.0,0.0,1.0,3.0,3.0,0.0,1.0,1.0,0.0,0.0,0.0,1.0,0.0,0.0,1.0,1.0,1.0,0.0,3.0,3.0,2.0,0.0,0.0,3.0,0.0,High
593,1.0,0.0,18,1.0,1.0,0.0,1.0,2.0,3.0,1.0,1.0,1.0,0.0,0.0,0.0,0.0,0.0,1.0,1.0,1.0,0.0,3.0,3.0,2.0,0.0,1.0,3.0,0.0,High
594,1.0,0.0,18,1.0,0.0,1.0,4.0,4.0,3.0,1.0,1.0,1.0,0.0,0.0,0.0,0.0,1.0,0.0,1.0,1.0,0.0,3.0,2.0,4.0,0.0,1.0,0.0,0.0,High
595,1.0,1.0,18,1.0,1.0,1.0,4.0,4.0,3.0,1.0,0.0,0.0,0.0,0.0,1.0,0.0,1.0,1.0,1.0,1.0,0.0,4.0,3.0,4.0,0.0,0.0,4.0,3.0,High
596,1.0,0.0,17,1.0,0.0,1.0,4.0,2.0,0.0,1.0,1.0,1.0,0.0,0.0,1.0,0.0,0.0,1.0,1.0,1.0,0.0,3.0,2.0,2.0,0.0,1.0,3.0,0.0,High
597,1.0,0.0,18,0.0,0.0,1.0,2.0,2.0,0.0,1.0,2.0,1.0,1.0,0.0,0.0,0.0,1.0,1.0,1.0,0.0,1.0,3.0,2.0,2.0,0.0,0.0,3.0,0.0,Low
598,1.0,1.0,18,1.0,1.0,1.0,1.0,2.0,1.0,1.0,1.0,0.0,0.0,0.0,1.0,0.0,0.0,0.0,1.0,0.0,0.0,3.0,0.0,3.0,4.0,4.0,0.0,8.0,Low
599,1.0,1.0,18,0.0,0.0,1.0,4.0,4.0,2.0,1.0,2.0,0.0,0.0,0.0,1.0,1.0,1.0,1.0,1.0,1.0,1.0,1.0,4.0,4.0,0.0,0.0,0.0,5.0,High
600,1.0,1.0,17,0.0,0.0,1.0,1.0,1.0,2.0,0.0,2.0,0.0,0.0,0.0,0.0,0.0,0.0,0.0,0.0,0.0,0.0,3.0,1.0,2.0,2.0,3.0,3.0,4.0,High
601,1.0,0.0,18,1.0,0.0,1.0,2.0,2.0,0.0,1.0,1.0,1.0,0.0,0.0,1.0,0.0,0.0,0.0,1.0,1.0,1.0,0.0,2.0,0.0,0.0,0.0,1.0,4.0,Low
602,1.0,0.0,18,1.0,1.0,1.0,2.0,2.0,0.0,0.0,1.0,2.0,0.0,0.0,0.0,0.0,0.0,1.0,1.0,1.0,1.0,4.0,3.0,4.0,0.0,3.0,2.0,0.0,High
603,1.0,0.0,18,0.0,1.0,0.0,4.0,2.0,3.0,1.0,0.0,1.0,0.0,0.0,0.0,0.0,1.0,1.0,1.0,1.0,1.0,4.0,2.0,0.0,0.0,0.0,4.0,0.0,Low
604,1.0,0.0,18,1.0,0.0,1.0,1.0,1.0,0.0,1.0,2.0,1.0,1.0,0.0,0.0,0.0,0.0,1.0,0.0,0.0,0.0,3.0,3.0,1.0,0.0,1.0,1.0,2.0,Low
605,1.0,0.0,19,1.0,0.0,1.0,1.0,1.0,2.0,0.0,1.0,0.0,1.0,0.0,0.0,0.0,0.0,1.0,0.0,0.0,0.0,4.0,4.0,4.0,1.0,2.0,1.0,0.0,Low
606,1.0,0.0,17,1.0,0.0,1.0,4.0,2.0,0.0,0.0,1.0,3.0,0.0,0.0,0.0,0.0,0.0,1.0,1.0,1.0,1.0,3.0,1.0,2.0,2.0,0.0,4.0,0.0,High
607,1.0,0.0,17,0.0,1.0,0.0,2.0,1.0,3.0,1.0,1.0,1.0,0.0,0.0,0.0,0.0,1.0,1.0,1.0,1.0,1.0,4.0,2.0,2.0,0.0,1.0,1.0,5.0,Low
608,1.0,0.0,18,1.0,1.0,0.0,1.0,1.0,0.0,1.0,0.0,1.0,0.0,0.0,0.0,0.0,0.0,1.0,1.0,0.0,1.0,4.0,1.0,2.0,0.0,1.0,2.0,2.0,Low
609,1.0,0.0,18,1.0,0.0,1.0,1.0,2.0,0.0,0.0,1.0,1.0,0.0,0.0,1.0,0.0,0.0,1.0,0.0,0.0,0.0,3.0,0.0,0.0,0.0,0.0,3.0,0.0,Low
610,1.0,0.0,19,0.0,0.0,0.0,1.0,1.0,0.0,2.0,1.0,1.0,3.0,0.0,1.0,0.0,1.0,1.0,0.0,0.0,1.0,2.0,4.0,3.0,0.0,3.0,0.0,0.0,Low
611,1.0,0.0,18,0.0,0.0,1.0,2.0,2.0,1.0,1.0,1.0,2.0,0.0,0.0,0.0,0.0,0.0,1.0,1.0,1.0,1.0,3.0,1.0,0.0,0.0,0.0,3.0,5.0,High
612,1.0,1.0,17,0.0,0.0,1.0,4.0,3.0,1.0,1.0,1.0,1.0,1.0,0.0,1.0,1.0,1.0,0.0,1.0,1.0,1.0,3.0,4.0,4.0,0.0,2.0,1.0,4.0,Low
613,1.0,0.0,18,1.0,0.0,1.0,3.0,3.0,0.0,0.0,0.0,1.0,0.0,0.0,1.0,0.0,0.0,1.0,1.0,0.0,1.0,4.0,2.0,3.0,0.0,0.0,4.0,0.0,Low
614,1.0,0.0,17,0.0,0.0,1.0,4.0,4.0,2.0,0.0,1.0,1.0,0.0,0.0,1.0,1.0,1.0,1.0,1.0,1.0,0.0,3.0,2.0,2.0,0.0,1.0,4.0,2.0,Low
615,1.0,0.0,17,1.0,1.0,0.0,3.0,2.0,3.0,1.0,1.0,1.0,0.0,0.0,0.0,0.0,0.0,1.0,1.0,0.0,1.0,0.0,1.0,2.0,0.0,1.0,4.0,0.0,High
616,1.0,1.0,18,1.0,1.0,1.0,1.0,1.0,1.0,0.0,1.0,0.0,0.0,0.0,0.0,0.0,0.0,0.0,1.0,1.0,1.0,2.0,2.0,1.0,0.0,1.0,2.0,2.0,High
617,1.0,0.0,18,1.0,1.0,1.0,1.0,1.0,0.0,0.0,1.0,2.0,0.0,0.0,0.0,0.0,0.0,1.0,1.0,1.0,0.0,4.0,2.0,1.0,0.0,0.0,3.0,0.0,High
618,1.0,0.0,18,0.0,1.0,0.0,1.0,2.0,0.0,1.0,2.0,1.0,0.0,0.0,0.0,0.0,0.0,1.0,1.0,0.0,1.0,3.0,2.0,3.0,0.0,3.0,4.0,0.0,High
619,1.0,0.0,18,1.0,0.0,1.0,3.0,3.0,2.0,1.0,1.0,1.0,0.0,0.0,1.0,0.0,0.0,1.0,1.0,1.0,1.0,3.0,2.0,1.0,0.0,2.0,2.0,6.0,High
620,1.0,0.0,17,1.0,1.0,1.0,4.0,4.0,0.0,1.0,0.0,1.0,0.0,0.0,1.0,0.0,1.0,1.0,1.0,1.0,1.0,1.0,2.0,3.0,0.0,0.0,0.0,4.0,High
621,1.0,0.0,17,0.0,0.0,1.0,1.0,2.0,0.0,0.0,1.0,1.0,0.0,0.0,0.0,0.0,0.0,0.0,1.0,0.0,0.0,2.0,1.0,1.0,0.0,1.0,2.0,0.0,High
622,1.0,1.0,18,0.0,0.0,1.0,1.0,3.0,0.0,1.0,1.0,1.0,0.0,0.0,1.0,1.0,0.0,1.0,1.0,0.0,0.0,2.0,2.0,3.0,1.0,3.0,2.0,0.0,Low
623,1.0,1.0,18,1.0,1.0,1.0,4.0,4.0,2.0,1.0,1.0,2.0,0.0,0.0,0.0,0.0,0.0,1.0,1.0,1.0,1.0,3.0,1.0,1.0,1.0,1.0,4.0,0.0,High
624,1.0,0.0,17,0.0,0.0,1.0,1.0,1.0,3.0,1.0,2.0,0.0,1.0,0.0,1.0,0.0,0.0,1.0,1.0,1.0,1.0,4.0,1.0,0.0,0.0,1.0,0.0,0.0,Low
625,1.0,0.0,18,1.0,0.0,1.0,2.0,3.0,0.0,0.0,1.0,0.0,0.0,0.0,1.0,0.0,0.0,1.0,1.0,1.0,1.0,4.0,1.0,2.0,0.0,1.0,3.0,0.0,Low
626,1.0,0.0,18,0.0,0.0,1.0,4.0,4.0,2.0,0.0,2.0,1.0,0.0,0.0,1.0,0.0,0.0,0.0,1.0,1.0,1.0,2.0,1.0,1.0,3.0,1.0,4.0,0.0,Low
627,1.0,1.0,18,0.0,1.0,1.0,1.0,2.0,2.0,0.0,2.0,0.0,0.0,0.0,1.0,0.0,1.0,1.0,0.0,1.0,1.0,3.0,2.0,2.0,1.0,2.0,2.0,3.0,Low
628,1.0,0.0,17,1.0,0.0,1.0,2.0,2.0,1.0,1.0,0.0,2.0,0.0,0.0,0.0,0.0,1.0,1.0,1.0,0.0,1.0,2.0,3.0,2.0,0.0,0.0,2.0,8.0,Low
629,1.0,0.0,17,0.0,0.0,1.0,1.0,2.0,0.0,1.0,0.0,0.0,0.0,0.0,0.0,0.0,1.0,1.0,1.0,1.0,0.0,2.0,4.0,4.0,0.0,2.0,0.0,4.0,Low
630,1.0,0.0,18,0.0,1.0,1.0,4.0,4.0,3.0,1.0,1.0,2.0,0.0,0.0,0.0,0.0,0.0,1.0,1.0,1.0,0.0,4.0,3.0,3.0,0.0,0.0,0.0,0.0,High
631,1.0,0.0,18,0.0,0.0,1.0,1.0,1.0,1.0,1.0,3.0,2.0,0.0,0.0,0.0,0.0,0.0,1.0,1.0,1.0,0.0,3.0,2.0,1.0,0.0,1.0,3.0,4.0,Low
632,1.0,0.0,19,0.0,0.0,1.0,1.0,1.0,0.0,2.0,1.0,1.0,1.0,0.0,1.0,0.0,0.0,1.0,1.0,1.0,1.0,3.0,2.0,2.0,0.0,0.0,2.0,4.0,Low
633,1.0,0.0,18,0.0,1.0,1.0,4.0,4.0,0.0,1.0,0.0,1.0,0.0,0.0,0.0,0.0,1.0,1.0,1.0,1.0,0.0,4.0,3.0,2.0,2.0,3.0,1.0,1.0,High
634,1.0,0.0,18,1.0,0.0,1.0,3.0,3.0,1.0,1.0,0.0,1.0,0.0,0.0,0.0,0.0,0.0,1.0,1.0,1.0,1.0,3.0,0.0,2.0,0.0,1.0,0.0,1.0,High
635,1.0,0.0,17,0.0,0.0,1.0,3.0,1.0,3.0,1.0,0.0,1.0,0.0,0.0,1.0,0.0,1.0,0.0,1.0,1.0,0.0,3.0,4.0,3.0,1.0,2.0,0.0,10.0,Low
636,1.0,1.0,18,1.0,0.0,1.0,4.0,4.0,1.0,0.0,0.0,1.0,0.0,0.0,0.0,0.0,1.0,0.0,1.0,1.0,0.0,2.0,1.0,3.0,0.0,3.0,1.0,4.0,High
637,1.0,1.0,18,0.0,0.0,1.0,2.0,1.0,2.0,1.0,1.0,0.0,0.0,0.0,0.0,0.0,1.0,0.0,1.0,1.0,1.0,3.0,3.0,2.0,0.0,2.0,4.0,0.0,Low
638,1.0,1.0,17,1.0,0.0,1.0,2.0,3.0,1.0,0.0,1.0,1.0,0.0,0.0,0.0,0.0,1.0,1.0,1.0,1.0,0.0,3.0,3.0,2.0,0.0,0.0,2.0,4.0,High
639,1.0,1.0,19,0.0,0.0,1.0,1.0,1.0,2.0,1.0,1.0,0.0,1.0,0.0,0.0,0.0,0.0,1.0,1.0,0.0,0.0,3.0,2.0,1.0,0.0,2.0,4.0,0.0,Low
640,1.0,1.0,18,0.0,0.0,1.0,4.0,2.0,1.0,0.0,1.0,0.0,1.0,0.0,0.0,1.0,0.0,1.0,1.0,0.0,0.0,4.0,3.0,2.0,3.0,2.0,2.0,0.0,Low
641,1.0,0.0,18,0.0,0.0,1.0,2.0,2.0,2.0,1.0,1.0,2.0,0.0,0.0,0.0,0.0,0.0,1.0,1.0,0.0,0.0,4.0,2.0,2.0,0.0,2.0,3.0,0.0,High
642,1.0,0.0,17,1.0,0.0,1.0,4.0,3.0,2.0,1.0,1.0,1.0,0.0,0.0,0.0,0.0,0.0,1.0,1.0,1.0,0.0,4.0,4.0,3.0,0.0,0.0,0.0,0.0,Low
643,1.0,0.0,18,0.0,0.0,1.0,4.0,4.0,3.0,1.0,2.0,0.0,0.0,0.0,1.0,0.0,1.0,1.0,1.0,1.0,1.0,3.0,3.0,2.0,1.0,1.0,4.0,4.0,Low
644,1.0,0.0,19,0.0,0.0,1.0,2.0,3.0,0.0,1.0,0.0,2.0,1.0,0.0,0.0,0.0,1.0,0.0,1.0,1.0,0.0,4.0,3.0,1.0,0.0,1.0,4.0,4.0,Low
645,1.0,0.0,18,1.0,1.0,1.0,3.0,1.0,0.0,1.0,0.0,1.0,0.0,0.0,1.0,0.0,0.0,1.0,1.0,1.0,0.0,3.0,2.0,3.0,0.0,0.0,0.0,4.0,High
646,1.0,0.0,18,1.0,0.0,1.0,1.0,1.0,0.0,1.0,1.0,1.0,0.0,0.0,0.0,0.0,1.0,1.0,1.0,0.0,0.0,0.0,0.0,0.0,0.0,0.0,4.0,6.0,Low
647,1.0,1.0,17,1.0,1.0,1.0,3.0,1.0,0.0,1.0,1.0,0.0,0.0,0.0,0.0,0.0,0.0,0.0,1.0,1.0,0.0,1.0,3.0,4.0,2.0,3.0,1.0,6.0,Low
648,1.0,1.0,18,0.0,1.0,1.0,3.0,2.0,0.0,1.0,2.0,0.0,0.0,0.0,0.0,0.0,0.0,0.0,1.0,1.0,0.0,3.0,3.0,0.0,2.0,3.0,4.0,4.0,Low
